,Review,Rank
0,본인 돈은 잘 챙깁시다. 다시 생각해 볼 시간은 많습니다. ,2
1,K울트론 + 진격의 거인 + 촉수물 + 원피스 고무고무 환장의 콜라보 ,2
2,니들이 어떤걸 좋아할지 몰라서 다 쓰까봤어.. 이건가요?? ,1
3,기본적으로 볼만하다. 망작까지는 아니다.그러나 너무 실험적이라고나 할까. 어느정도는 타협하며 전개를 깔끔하게 했어야 하지 않을까. 다소 전개가 정신없다. 액션은 볼만하다. 내년 2편은 그냥 봐야지 이정도. ,7
4,볼만한데 평점 왜이러지 2부에서 남은 이야기들 어떻게 풀어가며 떡밥 회수할지 정말 궁금함 ㅋㅋ 액션이랑 cg도 좋고 재밌게 봤음 ,10
5,내가 본 관에선 다 안웃던데... 이게 진짜 재밌음..?? ,2
6,이도저도 아닌 느낌. 스토리도 중구난방. ,2
7,그냥 외계로 떠나라 ,2
8,두가지 시간대에 맞춰 여러 장르가 스까믹스 되어있는데 딱히 조합이 좋지가 않다. 그리고 제발 하지말라면 하지말고 들어가 있으라 하면 들어가 있어라 좀. ,3
9,나만 재밌엇나.. 평점 왜이래두시간 시간가는줄 모르고 봤는데 ,10
10,전우치는 재미라도 있었지~ 나만 당할순 없다. ,2
11,내용에 대한 개연성이나 스토리의 완성도는 아직 2부가 남았기 때문에 평가하기 어렵지만우리나라에서도 이정도의 SF 영화가 나왔다는 사실만으로도 기념비적이라고 생각됨.또한 캐스팅이 미쳤더만요CG비용과 캐스팅 비용...후...,8
12,"어디선가 본 것같은 캐릭터들의 집합은 피로감을 자꾸만 쌓이게 만들고, 영화 홍보의 방향이 한국판 마블이라 한 것도 영화를 보고나니 크나큰 단점이었던 것 같다. 파트2에서는 더 나은 모습으로 보길 응원한다. ",2
13,개인적으로 재밌게 봤습니다. ,10
14,"실망했다는 사람들은 대체 뭘 얼마나 기대했는지 모르겠지만, 우려했던 것과 달리 스토리에 이질감도 없고 배우들 연기가 재밌어서 몰입도 잘 됐음. 한국에서 이런 영화가 나왔다는 것 자체가 너무 신기하고 2부 빨리 보고싶...",10
15,2부가 개봉할 수 있을까라는 의문이 들었다. ,3
16,처음엔 굉장히 산만하고 이해가안되는데 마지막에 모든게 짜맞춰지니 깊게 생각없이봐도됨 액션씬들 많고 공들인게티남 ,8
17,보다가 중간에 잠들었는데 스토리가 이어지더군요 쓸데없는 장면이 얼마나 많았으면 ... ,2
18,엔딩이 어떻게 끝날지 너무 궁금해서 2부는 꼭 봐야겠음 ,10
19,구워만 먹어도 맛있는 한우 A++로 만든 소고기미역국 ,1
20,0점이 없다니 너무 원통한거같다... ,1
21,전우치는 강동원이라서 재밌는 거였습니다.... ,4
22,아니 너무 재밌는데 평점이 이상해서 처음으로 후기 써요.. 진짜 한국에서 볼 수 없는 sf예요 아이맥스로 오늘 봤는데 대박재밌었음ㅠㅠ 마블 저리가라인데 .. ,10
23,나는 솔직히 재미있었는데..시공간 바뀌는것도 틀에 박혀있지 않아서 재밌었음..다들 별로라고 하니까 재밌다말하기 눈치보임.. ,8
24,이렇게까지 조롱당할 작품은 아니라고 생각합니다. 호불호는 갈리겠으나 충분한 매력이 있어요. ,8
25,진짜 누가보면 중국영화임. 마블이랑 주성치한테 고소 당해도 할 말 없는 인생 최악의 영화 ㅋㅋㅋ 저 제작비로 유망한 신인 감독들 육성을 해라 차라리 ,2
26,전 정말 재미있게 봤어요이 이야기를 이렇게 풀어 낼 수 있다는 연출력에 놀라워요새로운 시도! 전 재미 있었어요후속작 빨리 보고 싶어요 ,10
27,감독님 도대체 그래서 하고 싶으신 말씀이 무엇인지... ,1
28,쨌든 2 보고 싶으니까 다들 망작이라고 좀 안했으면 좋겠음 언제까지 국내 영화가 느와르나 범죄물에 멈춰있길 바라나 이런저런 시도하며 발전하는거지 ,10
29,재밌는데 왜이리 혹평이 많은지 모르겠음..cg도 괜찮았고 질질 끄는 부분도 없고 액션씬도 괜찮고다른 분들도 나오면서 재밌다면서 하던딩..??2부 빨리 보구싶넹 찐후기임 ,10
30,와 나만 재밌게 봤나 ㅋㅋㅋ ,7
31,난 왜 재밌지? ㅋㅋㅋㅋ ,10
32,"사람들 평만 보고 안 봤으면 완전 후회할 뻔. 왜 그렇게 혹평을 받았는지 이해를 못 하겠어요. 이상, 2부 너무 보고 싶은데, 1부 흥행이 저조해서 2부가 혹여 안 나올까 봐 걱정되는 1인이었습니다. ",10
33,누군가는 혹평을 누군가는 호평을 해도 내가 보기 전까진 아무것도 모른다는걸 알게 해준 영화. 얼마나 이상하길래 사람들이 이럴까 싶어서 정말 호기심에 봤지만 기대 이상으로 재밌었다! 퇴근 후 피곤한 상태에서 봤지만 전...,8
34,이 영화 재미있는 사람들 부럽다.. ,1
35,왜 재미없다 하는지 모르겠다 개취존중 나는 취취~ ,10
36,너무 많은걸 넣었다.그냥 비빔밥을 시켰는데 주방장이 마라탕도 넣고 피자도 넣고 햄버거도 넣은 느낌이다.그래도 한국영화의 발전이라고 생각함 ,2
37,평점이 왜 이렇게 낮은 건지 조금 의아했습니다저는 개인적으로 굉장히 재밌었고 2부가 제일 기대됩니다?? ,10
38,너무 재밌는데요..평점 왜 낮은지모르겠어요 다들 평론가이신가 ㅎㅎㅎ 저는 정말 재밌게봤습니당 2가기대돼요!! ,10
39,언제 재밌어지지하다가 영화끝났어요.. 이렇게 재미없는영화는 정말 오랜만이네요.. ,1
40,다른건 다이해하겠는데 최동훈감독이 왜 이런 영화를 만든건지는 도무지 이해가 안간다 ,5
41,우려와 달리 너무 재밌게 봤다. 솔직히 억까하는 사람도 많은 듯. ,10
42,2편은 개봉하지 못 할듯... ,4
43,우리나라에서 보기힘든 장르의 영화라서 호불호가 갈릴수있지만 전 아주 재밌게 봤습니다 ,9
44,전우치 감성에서 더 발전한 SF 느낌도 나고 육아하느라 피곤해서 재미없음 자야지했는데 러닝타임 순삭됐어요 또보고싶습니당 ,10
45,다들 우려했던 대로 확실히 실험적입니다. 호불호가 갈릴 수도 있겠고요. 초반에는 산만해서 이해하기 어려울 수 있지만 끝까지 보다보면 재밌습니다. 확실히 공을 들인 티가 납니다. 전 2부 기대되네요 ㅎ ,8
46,작품평이 안 좋아서 걱정하고 기대안했는데 생각보다 정말 재미있게 봤음. 중간중간 빵빵 터짐. SF 좋아하거나 외계인 나오는 거 좋아하면 추천함. 왜 혹평받는가 생각해봤는데 한국이 받아들이기에는 여러모로 이른 작품. ,10
47,정말 볼만합니다. 평점 낮은 이유를 모르겠네요. 저는 강추. 또 보고싶어요. ,10
48,알바에 속지 마세요^^ 뛰어난 CG는 개뿔. 영화 연가시 보는 줄 알았다 ㅁㅊ 보는 내내 왜 망작 ''승리호''와 예전 H.O.T.의 3D 영화 ''Age of peace(...,1
49,다들 재미없다는데 난 너무 재밌었음.. 제발 굴하지 말고 2편 나와주세요.. ,9
50,전 너무 재밌게 봤어요. 웃음 포인트도 많았고.. 생각보다 잔인한 장면이 많지 않아서 더 재밌게 봤습니다. 우리나라 영화산업이 많이 발전했구나.. 하면서 봤네요 ,10
51,감독의 잘난체가 끝내주는 영화ㅋㅋ ,4
52,저평가가 너무 아쉽다 ,10
53,솔직히 존잼이던데.... ,10
54,한국 SF 영화가 많이 발전한 걸 느꼈네요. 스토리도 기존 SF와 차별화를 하기 위해 노력한 흔적이 보입니다. 무난하게 즐길 수 있는 액션 SF 영화였어요. ,10
55,난 왜 이게 재밌지? 이번 한국 빅4중 제일 재밌게 봤음. 최동훈 감독님 힘내세요!! ,8
56,난 엄청재밌었고 2편 너무기대되는데.... ,10
57,2편 꼭 꼭 나왔으면 좋겠는데 평점 보니 너무해서 평점 살리러 왔습니다. 이것저것 섞였다는 얘기들이 많은데 저는 전우치에서도 봤던 감독만의 장르라고 볼 수 있지 않은가 싶고요. 그렇기 때문에 이런 장르에 대한 호불호...,10
58,나름 시간가는줄 모르고 재미있게 봤습니다. 우리나라에서 이런 대작을 만들수 있다니 대단하네요! 지루하지도않고 너무 어려운 영화도아님.. 평점이 왜이런지...의문... 너무기대들을 해서 그런가?? ,8
59,2시간 30분동안 앉아있을 수 있다면 이 영화를 봐라 ,5
60,다된 국밥에 피자 ,1
61,"재미있게 보았다,사실 토르4보다 재밌게 보았는데...  평이 낮은게 많이 안타깝다...염정아 조우진 캐미는 최고였던거 같다. ",8
62,아니 평 왜이렇게 낮은지 도대체 이해가 안되네;;; 진심 한국영화가 이 정도 수준까지 올랐다는게 놀랍고 보는 내내 화려하고 멋있고 다함 ,10
63,"과유불급, 소문난 잔치에 먹을 거 없다는 말이 저절로 떠오르네요. 잔망스러운 캐릭터, 어색한 유머코드, 시공간을 오가며 뒤틀리고 난잡해져버린 스토리와 전개, 이도저도 아닌 모호한 결말 등 전우치+승리호를 관람한 것 ...",2
64,저는 엄청 재밌게 봤습니다! 중간에 웃음 포인트들도 많고 ㅋㅋ 호불호 갈린다던데 저는 극호! 최근 상영작중에 쵝오ㅠ ,10
65,지구인이라서 이해가 안갔던걸로..ㅜㅜ ,2
66,난 재밌었는데 2부 극장에서 볼 수 있을까.. ,8
67,수작은 아니어도 혹평은 억울할만한데..? ,7
68,저는 솔직히 너무 재밌게 봤어요! 존잼! 다음 이야기가 궁금해지고요 CG 액션 연기 다 좋았고 기발했어요. 마블 시리즈에는 관대하면서 여기에는 악평이 많다니 좀 슬프네요. 우리식으로 잘 풀어낸 것 같고 해외에서도 흥...,10
69,왜 평점이 낮지? 의문이 생김 너무 기대가 없었나? 난 재미있게 봤음 가벼운 마음으로 보면 재미져요 ,10
70,저는 너무 재미있게봤는데 평점 낮아서 안타까워요ㅜㅜ 연기 연출 스토리구성 모두 좋았습니다.  내년까지 어떻게 기다릴지 올해 연말에 개봉해주시면 안되나요~ ,10
71,평이 별로여서 기대안하고 봤는데 생각보다 재밌었던 영화 2편도 기대됩니다 ,8
72,개봉 전 부터 평이 안좋아서 완전 기대를 내려놓고 봤는데 나는 재미있었다. 빨리 2부를 보고싶음. ,7
73,난..난 되게 재밌었는데 왜 평점이 낮지.... ,10
74,별점 1점이 이렇게 많다니..댓글알바 의심스러워요 진짜. 저도 평점이 너무 안 좋기도 하고 SF라는 장르가 낯설어서 안 보려고 했다가 5점 주신분들 가끔 있길래 그 후기들 읽어 보고 그냥 한 번 믿고 보자! 싶어 봤...,10
75,재미있게 본 내가 승자. 왜 이렇게 가루같이 까이는지 잘 모르겠을 정도로 코드가 잘 맞아서 매우 잘 보고 옴. 같은 회차 분위기도 좋았어서 그것도 한몫한듯. 김우빈과 류준열은 둘다 빛나서 새삼 반할 지경. 김태리는 ...,8
76,옛날 중국 + 일본 영화 느낌 ,1
77,생각보다 재밌게 봤던 영화. 아쉬웠던건 점점 흥미로워질때 1부가 끝나버림. ,8
78,생각보다 나쁘지 않음 홍보 마케팅 실패라고 봄 ,10
79,예상했던 것 보단 재밌어서 당황했음. 그렇게 까였던 영화치곤 ,7
80,개인적으로 정말 너무 재미있게 봤습니다. 조폭이랑 욕만 가득한 영화들보다는 훨씬 낫다고 봅니다. ,10
81,2부 기다려진다. 간만에 웃었다 ,10
82,난 재밌었는데.... ,10
83,돈도 시간도 진심 아까운 영화 ,1
84,이건 재미있는데..왜 다들 혹평일까..아쉽다. 재평가가 시급하다 ,10
85,새로움이라곤 하나도 없이 외국 영화에서 본 연출들 천지 이래놓고 천만을 기대하다니 한국 관객 수준을 뭘로 보는지? 대사도 너무 유치해서 배우들이 아깝다 그나마 재밌는 염정아조우진 파트도 상대적으로 재밌는거지 2000...,1
86,전 진짜 재밌게봤습니다 일본 특촬물같고 SF애니 보는거같기도했는데요 그런 류 치고 스토리도 짜임새가좋습니다. 유치하거나 오타쿠같은거 싫어하는 사람들은 혹평하실거같아서 평점이 이해는가네요 ,10
87,악평이 많은데 그 정도는 아님 ㅠㅠ 꽤 수작인데 흥행이 아쉬움 ,8
88,근 5년간 본 영화중에 가장 난해했던 영화...무슨 이야기를 하고싶은지 잘 모르겠음.. 남편은 옆에서 보다가 잠듦... ,1
89,"개인차가 있다고 생각하는데, 저는 너무 재밌게 봤습니다ㅎㅎ 스토리 개연성도 확실하고 세계관도 되게 넓은거같아서 2부 기대되네용. 참고로 알바아닙니당! ",10
90,기대보다 재밌었따. 안전한 영화만 양산하는 sf 불모지 한국에서의 실험적인 도전을 칭찬한다. ,7
91,과거와미래를  적절하게5:5로잘넣었구요재인생영화짱짱 ,10
92,"아이언맨,원피스 빠돌이가 만든 3류 저예산영화같음 ",1
93,흠... 이런 댓글 받을만큼의 망작은 절대 아닌듯..개인적으로 재밌게 봤어요.흠...약간 이런 댓글들 땜에 웃으면 안될것같은 생각이 들기라도 하나봐요. 제가 본 상영관에선 다들 근엄 모드다가 누구 한명이 웃음 터지기...,10
94,너무 억까 당하는 거 같아서 10점 줌. 존잼 까지는 아니지만 그래도 볼만 한데.. ,10
95,내가 본 관에서는 다들 웃고 재밌게 보던데? ,10
96,난 재밋던뎅 ,9
97,2부가 기다져지지않는 1부 ,6
98,오늘 보고왔음시간가는줄 모르고 정말 잼있게 봤음..내년 기대됨ㅎㅎ ,10
99,염정아 조우진님 나오는 씬들이 재밌어요 ,7
100,와 이거 무슨 평점??저는 진짜 진심 재미있게 봤는데 배우 스토리 기술 따질거 없이 너무 좋았어용 전 두번봤음 ,10
101,재밌는데 왜 ㅋㅋ 뭐가 문젠데 ,7
102,저는 완전 재밌게봐서 3회차도하고 4dx에서도 봤는데 주변사람들은 별로라고 하네요... 2부나와서 떡밥좀 많이 풀어줬으면 ,9
103,대체 무슨영화일까....? ,4
104,재미있어요. 킬링타임용으로 좋아요~웃기고 2부도 너무 기대됩니다!!너무 과한악플이 많은데 토르 러브앤썬더보다 훨 돈안아깝고 재미있어요 ,10
105,두 신선들이 나오는 장면만 재밌고 나머지는 별로였음  영화가 전체적으로 산만함 ,1
106,감독님 너무 욕심을 부리셨네요손익분기점이 730만이던데출연진만 호화로웠어요 ,6
107,한국영화에서는 볼수없는 신선함과 판타지 굿굿 ,10
108,"호불호가 갈려서 기대 낮추고 갔는데, 저는 장르는 안가리는지라 다양하게 볼거리가 많고 생각보다 엔딩 후의 2부가 너무 기다려지네요. 역시 판단은 자기 몫입니다. ",10
109,재밌었는데 왜 다들 별로라고 하는지 모르겠어요 2부 얼른 나오면 좋겠어요 ㅠㅠ ,8
110,"다들 혹평을 했지만, 나는 재미있었다.시즌 2도 기대가 되었고, 왜 이렇게까지 혹평을 하는지 이해가 가지 않을 정도였다.내용도 충분히 이해가 되었고, 스토리도 재미있게 잘 풀어냈다.전우치가 생각나긴 했지만, 감독이 ...",8
111,꽤 괜찮은 영화였다! 배우들의 연기와 액션신도 화려하고 눈호강했음 워낙에 낮은 평점때문에 기대없었는데 뭐지??? 비급 아니고 무난한 에이정도임. 레알 영화관에서 볼만한 영화! 추천합니다 ,10
112,아... 동후니형... ,5
113,생각보다 더 볼만했던. 초반의 혹평이 좀 아쉬웠다. 그렇게까지 안볼 영화는 아닌데.. 2부도 기대중 ,7
114,‘문도석’의 경우 캐릭터 자체가 별다른 매력이 보이질 않아 대스타 소지섭의 활용이 아쉬웠고 로봇 ‘썬더’의 경우 목소리와 대사톤이 살짝 어색하여 초반 몰입에 조금 방해가 되었다. 또한 분명 한국어임에도 배우들이 도통...,6
115,어수선하고 몰입도 안돼 시간 더럽게 안감두 신선 자잘한 코믹빼곤 다들 웃지도 않는다. 제발 자막 좀 ,5
116,억까와 선동으로 이런 평을 받고 있는 게 너무 아쉽네 ,10
117,이렇게까지 욕먹을 만한건 아닌거 같은데 ,8
118,진짜 김우빈땜에 봤는데 ㅈㄴ재미없고 전달하고자하는 내용 모르겠음. ,4
119,"아버지와 함께 봤는데 혹평인것 치고 너무 재밌었어요. 개인적으론 코미디도 웃겼고 특히 부부도사같은 조연캐릭터들이 웃기고 매력적이였으며, 영상미는 진짜 좋았습니다.우리나라에서 이런 퀄리티가 나오다니.. 실은 요즘 마블...",10
120,"연기도 스토리도 CG도 모두 입막고 봤습니다.. 스케일에 압도당하는 영화..! 이게 한국 sf라니..액션, 외계인, 고려, 현재 모두 거를 타선이 없습니다 올해 극장에서 본 영화중에 제일 재밌었어요 얼른 2부 보고싶...",10
121,넷플릭스 드라마로 나오는 게 더 나았을 거 같아요ㅠㅠ 너무 장황해요 ,6
122,남의 돈과 시간으로 뭐하는 짓이야. ,1
123,난 나쁘지 않았는데.후속편이 관건이긴 할 듯 ,6
124,한국 SF 영화 수준도 이정도는 되는구나... 라는 감상만으로도 영화 값은 한다. ,8
125,아무리 1부를 달고 나온 영화라고 해도 이런식으로 이야기를 마무리해서 2편보러오세요 하는건 아니라고 생각함 ,6
126,개인마다 취향은 다를 수 있지만 평점 1점 준 사람들은 정말 마블 정도의 퀄리티를 바란건가 싶다.한국 영화의 CG기술이 이정도까지 발전했구나 할 정도로 잘 만들었다고 생각되며 명품 배우들의 연기와 중간중간 들어있는 ...,10
127,좋아하는 배우들이지만..영화 자체가 지루하고 재미없어요ㅠㅠ2부는..안볼예정입니다.. ,1
128,평점이 이렇게 낮을 작품은 아닌 것 같은데. 난 너무 재밌게 봤다. ,9
129,142분동안 고문당했다 외계인에게 ,1
130,난 재미있던데 ,10
131,중간에 조금 졸았어요 ,4
132,"CG, 연출, 액션 등에서는 만족 스러운데 대사가 너무 오글거려요 스토리도 짜집기한거 같아서 보면서 찝찝했고요 ",3
133,미쳤음 2부가 너무 기대됨.... ,10
134,"초반부터 시각적 쾌감이 엄청난 영화임. 스토리의 흐름도 유기적이고 배우들 연기력도 고루 훌륭하다. 갓태리, 류준열 캐릭터 너무 잘 소화했고 김우빈 다중연기로 연기할 맛 났을듯! 투 신선의 코믹케미도 좋았는데 엄정화 ...",10
135,대혼종.. 호불호가 갈리는 이유를 알겠다 ,6
136,전우치는 너무 일찍 나왔고 외계+인은 너무 늦게 나왔네 ,7
137,이계인 불러서 꽁트나 찍자 ,1
138,이 사람들아! 재미만 있더만!입소문이 나빠 흥행에 실패했다고 해서 기대치 없이 봤다가 너무 재미있게 봐서 왜 그런 평이 났을까 의아했는데 아마도 외계인이 시공간을 오가며 탈옥죄수 찾는 스토리가 영화 안에서 혼란스러운...,10
139,"취향이어서 재미있게 봤습니다 !현대씬은 조금 지루했고, 고려씬이 더 재미있었어요 2부 너무 기대됩니다 ! ",8
140,아니 왜 다들 욕하는지.... 나만 재밌어?? 빨리 2부 나왔으면 좋겠다!!! ,9
141,전 정말 재밌게 봤어요^^2부도 기대가 됩니다~~~ ,10
142,오락영화로 정말 재밌게 잘 봤는데 흥행이 안되서 아쉽다 ,10
143,방금 코엑스에서보고왔어요.왜이영화가 욕먹는지 모르겠네요~감독의 상상력이대단하고 연기력 다좋고 스피드하고웅장한 음악에 은근 긴장감도있고 재밌어요 15000원 안아까워요.그리고 시간이동에대한건 예전에 기묘한이야기를봐서 ...,10
144,태어나서 처음으로 영화시작하고 15분만에 일어나게 만든 영화. ,1
145,한국 CG의 정수 위대한 시리즈의 서막 2부 기다려지는 영화넷플 탑10  찍었는데 일단 망할수가 없던영화였음 하필이면 통수 토르랑 겹쳐서  돈내고보기도 아까웠는데 사람들 평도 별로고 하니까 안보다가풀리니까 막 보고있...,10
146,난.. 재밌었는데..! 2 나오면 볼건데..! ,8
147,별로라는 평을 너무봐서 기대안하고봤는데재밌는데요?? 2부 빨리나왔으면좋겠네요아쉬운점을 꼽자면 스토리를 구체적으로 설명하는 무언가가있었으면 했어요! 저는 재미있게 봤습니다! ,10
148,이렇게 혹평 받을 영화는 아니다2부 나오면 볼 생각 있다 ,8
149,다음편이 기대되지 않는다. ,5
150,저는 의외로 재밌게 잘 봤습니다. ,8
151,너무재밌어요 2번볼게요 ,10
152,재밌읍니다재밌읍니다 ,10
153,우리 가족은 깔깔 웃었ㄴ는디.. ,10
154,솔직히 왜이렇게 혹평인지 모를... 시간가는줄모를정도로 존잼이었음 ,10
155,평점때문에 진짜 진짜 기대 하나도 안했는데 생각보다 훠어어어얼 재밌게 봤어요  호불호가 있다고는 하더라도 평점이 이정도로 낮을 일은 아니라 생각되는데 ㅜㅜ 다들 이 작품에 대해서 기대가 많이 높았어서 되려 더 저평가...,10
156,"방금 봤는데 너무 재밌는데 왜 혹평에 평점테러인지 도저히 이해가 안감...제발 2편 꼭 개봉해주길!스토리 어렵지않고 너무좋고, 액션좋고 어떤 마블영화 1편보다 좋음! 최동훈감독님의 뚝심 멋집니다~ ",9
157,저는 너무 재밌었어요!! ,10
158,재미나게 보았습니다~~ ,10
159,개인적으로 너무 재밌게 봤지만 평이 너무 극과 극이라 다른 사람한테 추천해주긴 어려운 영화 하지만 취향만 맞으면 충분히 즐길 수 있는 영화 ,8
160,흥미롭게 보았던 영화! 언제 2 나오는건지 ㅠ ,8
161,배우들 연기도 괜찮구 개인적으로 내용도 흥미롭게 봤어요! ,8
162,너무 재밌고 칭찬해주고 싶은 영화임 한국영화가 이렇게 발전했구나 싶을정도로 잘  만들었음에도 불구하고 평점 테러하는 인간들은 맨날 인간성찰이나 하는 영화만 관람하시길! 아니면 경쟁 업체들의 시기어린 질투인가? 1점 ...,10
163,솔직히 이정도로 욕 먹을 작품은 절대 아니라고 생각합니다.호불호 갈리는 건 인정합니다 저는 호였어요!! 2부 기대됩니다!! ,10
164,난 재밌던디 2d로보면 좀 더 다르나?? 다들 영화보는 수준 넘 높아진듯;; ,10
165,정말 잼나게 봤어요2부도 정말 기대되는데평점이 낮아서 걱정되네요 ㅠㅠ감독님 하고싶은 내용 실컷 다 찍어서그게 산만하게 여겨져서 불호인가 싶기도 한데저는 그게 오히려 좋았네요 ㅋㅋ ,10
166,재밌게봤음 와이프랑같이 심야로봤는데왜망작이라고 하는지...ㅋㅋ재밌게봤다 ,10
167,개봉만 기다렸는데 평점이 너무 낮아서 기대없이 보고 왔어요~ 극과극으로 나뉘는 평점이 이해가 가지 않을 정도로 저는 재미있게 보고 왔습니다~ 2부 빨리 가져와라!! ,10
168,국내영화에서 보기드믄 장르인거같아서넘 잼께봤어요 사극이랑 외계인의조합이라니신선합니다!! 2편도 기대되요!! 전우치느낌이 묻어있어 전우치팬으로써 더 재밌었습니다그리고 염정아배우님깨알 너무귀여웠어용 ㅋㅋ ,10
169,뭐가 이렇게 다 혹평인지...? 혹평때문에 볼까 말까 고민했었는데 정말 재밌게 보고 왔다.. 염정아배우 최고였음 ㅠㅡㅠ ,8
170,진짜 재밌는데 왜안봐~ ,10
171,너무 재밌게 봤어요~평점이 너무 야박한듯저는 시간가는줄 모르고 정말 재밌게 봤네요~2부가 기대됩니다. ,10
172,가족모두 극찬하며봤네요진짜흥미진진 내년어떻게기다리나요 ㅜㅜ 너무재미있어요! 김우빈반전매력 류준열진짜 최고! 김태리는 어느배역이든 완전찰떡소화!머하나빠지는거 없이 재미있었어요 시간가는줄모름 빨리 2편보고싶다 ,10
173,저만 재밌게 봤나요..? 혹평때문에 걱정했는데 생각보다 재밌었어요 ,8
174,아 지루하고 지루한 영화 최악이네 ,2
175,"좋아하는 배우들이 대거 출연하고, 과거와 현재를 영상미 넘치게 교차시킨 연출도 좋았으며 스토리도 시원하게 전개돼서 시간 가는 줄 모르고 봤던 흥미진진한 영화네요. ",10
176,"도데체 평점이 왜 낮은건지 이해가 잘..,,그냥 감독님이 관객을 좀 과대평가하신건가 개연성 이해하실려면 집중해서들 보세요 ",10
177,중국 영화 인가요..? ,1
178,전 재밌게 봤어요. 한국영화라고 믿기 힘들 수준의 cg와 액션씬만으로도 충분히 볼 가치가 있다고 생각합니다. 아쉬웠던 점은 대사가 잘 안들려요ㅜ 특히 외계인들 말할 때 자막 필요할 듯..생소한 소재와 스토리라 호불호...,8
179,평점 왜 이래?나는 재미 있던데....2시간 20분 잼나게 봤어~~~ 1점2점 주는 사람은 다른 영화 알바 인거 아니야? ,10
180,외계인 산만하지만 재밌어요 ,10
181,기대안했는데 재밌게 보고 왔습니다 네이버평점은 왜이리 낮은지 모르겠네요 ,8
182,난 너무 재밌던데! 2편 기다립니다 ,10
183,내돈주고 봤고 돈 안아깝다. 왜이리까칠한 인간들이 많아 ,10
184,혹평이 대다수임에도 저는 아주 재밌게 봤습니다 속편도 기대할게요 ,7
185,2부도 보러갈 생각입니다 ,10
186,해리포터 마지막시리즈 1부처럼 이렇게 나뉘는 영화는 상대적으로 1부가 지루할수 밖에 없다고 봄. 1부처럼 그저 그럴지 아니면 반전일지 2부를 봐야 평가할 수 있을 듯! 외계인 2부 기대해 봅니다! cg는 좋았어요 ,8
187,내용도 꾀나 재미있었고 2편이 상당히 기대되는 작품이었습니다. ,9
188,"전우치를 재밌게 봤던 1인으로 전우치의 미래버전이랄까 우리나라 영화가 이런 cg와 영상이 가능하구나라는 생각도 들고 우와 하면서 보게됨1,2부로 나뉘고 1부자체도 2시간 반이다보니 초반 설명으로 루즈한감은 있지만 금...",10
189,호불호가 갈리는거 같지만.. 나는 재밌게 봄. 특히 개그코드가 잘 맞아서 그런지 깔깔 웃으면서 봤음. 근데 아쉬운 것도 많다.. 그래도 영화는 직접 보고 판단하는게 나은듯 ,6
190,지루하지않고 재밌다 빨리2부보고싶다 ,10
191,아니 진짜 너무 재밋어서 시간가는줄 몰랐는데… 영화평점 너무 이상하네요? 뭐지? ,10
192,"감독님의 욕심이 너무 과한것 같네요...이왕 다 만드신 영화를 어떻게 할 수는 없겠지만, 다음부터는 하나의 목표만 집중하시기를 바랍니다. ",3
193,하도 평이 중구난방이라 쫄렸는데존잼 미친잼 흥분이 가시질 않네요씨지나 연출보다도 이야기가 재밌어요하나의 연결선으로 맞물리는 쾌감 그리고 류준열 내가 당신 배우로 인정한다 ,10
194,한국에서 이정도 퀄리티의 SF 영화가 나온것에는 놀랐고 2부가 기다려진다 ,8
195,온갖 것이 다 섞여서 난잡하다 ,5
196,아니 이렇게 재밌다는 글에 반대를 누를 일인가..?? 재미없다는 사람이 많다면 재미있었다는 사람도 많을수 있는거지 알바 아니구요 개인적으로 재밌게 잘 봤어요 많은게 나옵니다 sf판타지 현재 고려시대 도술 액션 이걸 ...,10
197,분석하려하지 말고 그냥 즐기면 재미있어요. 배우들 연기도 좋고요.코믹 액션 무협에 익숙하다면 충분히 즐거운 영화'!!! ,9
198,재밌게봤다. 호불호라는데 무슨 호불호 별점테러한 것들 대부분 알바들인 듯. ,9
199,"평점 왜 이렇게 낮은지 정말 이해가 안되네요..저는 나올때 다리 후달달 떨면서 정신 못차림.리뷰, 평점, 감독, 배우 등등 안 보고 영화 보는 거 좋아해서 안 보고 예매율 2위인 것 만 봤는데 기대 이상으로 매력적입...",10
200,새로운 시도의 한국영화 재밌게 읽었습니다 2부도 기대해봅니다 ,8
201,2편은 좀더 빡세게 만들어주세요! 잘만든영화 아쉽지않게 ,10
202,악평에 큰 기대 없이 봤는데 나름 볼만합니다설정에 공감하고 보면 낫 배드에요 ,7
203,내가 다른 영화를 봤나난 너무 재밌게 봤는데...와이어달고 날라댕기는 액숀이 좀어색하긴 했지만그렇다고 이렇게 테러에 가까운 별점 받을 만한 것인지...잘 모르겠습니다 ,8
204,대체 뭘 하고싶었던건가.  전우치도 하고싶은데 sf도 하고싶고 .. 이렇게 짬뽕인 영화는 처음봄 ,1
205,"이 좋은 소재와 아이디어를 수준 낮은 대사와 코미디, 매력 없는 캐릭터, 난잡한 전개와 부족한 개연성으로 망쳐버렸다. 최동훈 감독의 장점이 전혀 드러나지 않는 실패작 ",1
206,호불호 갈릴만 하다 그래도 재밌다. ,8
207,한국판 어벤져스.호불호가 갈린다지만 전 완전 호입니다!!! ,9
208,Cg도 자연스러웠고 스토리도 다채로운 편이었습니다. 한국 sf판타지 영화 중에는 제일 발전된 느낌이었어요. 액션이나 배우들 연기도 좋아서 많이 웃으면서 봤습니다! 평점이 너무 안 좋아서 처음으로 후기를 남겨보아요. ...,9
209,셋 중 주인공이 누구인지.. 주제가 무엇인지.. 전부 혼란스러운 중구난방 영화 ,6
210,"생각보다 이야기도 재밌고 CG도 뛰어납니다. 조금 B급감성이지만 SF, 무협판타지 장르 좋아하시면 추천합니다. ",8
211,2부 빨리 보고 싶음배우들 각자 맡은 캐릭터들이 찰떡임 ,10
212,난 재밌던데 ㅋ ,8
213,2부까지 만들 생각이었다니 ,5
214,"최동훈감독의 장점이 어려운 작품성이나 떨어지는 퀄리티 걱정없이 아무준비없이 봐도 두시간동안 무난히 재밌게 보낼 수 있는 영화를 볼 수 있다는건데 영화내내산만하다가 나머지는 내년에 마저 보러오라는, 심지어 어벤져스 인...",3
215,좀 별로라던데 나에겐 좋았어 ,8
216,엄청 욕먹고 있는 정도로 재미없진 않았다... 나름 괜찮게 봄. 현대 씬들이 좀 아쉬웠지만. 특히 삼각산 신선 둘은 유쾌하고 맘에 드는 캐릭터들이었다. 2부 나오면 볼 것. ,7
217,의외로 재밌는데...? 전우치와 90-00년대 중국 무협 몸개그를 가미해 만든 최동훈표 도사 액션! 2편은 나만 기대돼? ,7
218,한국영화에서 이런 생소한 장르에  도전했다는것 자체가 대단함~심지어 재미도 있음 ,10
219,이정도로 저조할 정도는 아닌데... ,7
220,연기.스토리.탄탄.특히 CG.우리나라도 SF가 되는군. ,10
221,평점 왜이래…나만 재미있었던 건가…. ,8
222,이렇게 혹평을 받을 영화는 아닌데.. 캐릭터도 배우 연기도 좋고 오락 영화로 즐기기에 낫 배드! ,10
223,정말 괜찮게 봤는데... 네이보 평점 왜이러지?? ,10
224,기대했건만이야기꾼인 최동훈감독한테 배신을 당할줄이야.ㅠ..ㅠ너무하네..2부가 안기다려진다. ,4
225,최동훈 감독 작 이라는게 믿을 수 없다. ,1
226,너무 재미없다. 너무 길다.감동없다.메시지 모르겠다.2시간30분 버리고 왔다.왜 이런 영화를 보라고 만드는지..실망 그 자체ㅜㅜ ,2
227,"혹평치곤 생각보다 잘 본 영화. 새로운 시도이긴 하나 어디서 봤던거 조합한 느낌이라 너무 익숙했고 뻔하긴 하고 너무 몸값 높은 배우들을 모아놔서 분량,서사 다 이도저도 아니게 된 느낌. 썬더 김우빈 하나보고 볼만 하...",9
228,대작이라는 이름대비최악 ,3
229,재밌어요! ,10
230,나만 염정아 웃겨써?ㅜㅜ ㅜㅋㅋ ㅋ난 재밌었어 ,8
231,아니 왜 이렇게 평점이 낮은지 모르겠네요 저는 처음부터 끝까지 내용도 궁금하고 영상도 멋있고 재밌게 봤습니다 2부도 볼거에요 ,10
232,기대안했는데 생각보다 재미있네욬ㅋㅋㅋ ,10
233,사실 기대치가 높았어서 기대만큼은 아니었지만 외계+인에서만 볼 수 있는 액션이라고 생각합니다~2도 나오면 한번 볼것같습니다:) ,10
234,터미네이터보단 요정 컴미에 가까운 ,5
235,최동훈 감독의 첫 실패작 확정! ,4
236,'역시 사람은 좋아하는 걸 해야하는구나...' 싶었던 영화너무 매력적이고 재미있었습니다 감독님이 한국 도술세계를 좋아하시는 만큼 정말 볼거리도 많았고 즐겁게 봤어요 CG도 어색하기는 커녕 MCU 영화들...,10
237,CG괜찮았다 ,7
238,"난 진짜 재밌던뎅, 내취향 2부도 빨리 보고싶음 ",10
239,과유불급은 맞지만 이정도로 까이는지 이해는 안감 비판을 하려면 우선 보고 합시다 이정도면 재미를 추구하는 상업영화로는 충분하고 2편 궁금 유발하게 만드는데 성공했음 ,9
240,영화 재밌게 보고 왔어요! ,8
241,영상미도 있고 웃긴포인트도 있어서 재미있습니다 ,8
242,CG도멋있고 연기도 멋있고! 정말 재밌게 봤어요ㅋㅋㅋ ,10
243,이것저것 짬뽕되어 뭘 말하고자하는지 알 수 없었음.. ,1
244,개 잼있는데 벌써 2부 기대됨 ㅋㅋ 왜 복잡하면 싫어하지 참이해 잘되는데 ,10
245,2부가 너무 기다려져요 존잼 ,10
246,별점테러가 너무 많아 얼마나 망작인지 내눈으로 직접확인하고자 갔으나 온가족이 넘 재밌게 보고옴  다만 고려배경이 많아 무협영화느낌이 컸지만 같이본 두 딸도 재밌다고함 최동훈기대치만 너무 높지않으면 모두가즐길수있음 내...,8
247,재밌다. 설명을 조금 더 줄여도 좋았을것 같다. 설명 안해도 충분히 이해가 가는 스토리인데..왜 이렇게 설명을 많이 했는지..평소 같지 않아서 좀 아쉬움..서울을 배경으로 터지고 부수고 날라가고 시원시원하고 좋았음....,9
248,"아주 볼만 함 그냥 가서 보세요평 따위 잊고반신반의하며 갔는데그냥 존잼!2부가 기다려지는 그런...설렘어줍잖은 국뽕, 억지 신파 이런거 없고 깔끔 개운현실에 맞추려말고 편하게 보세요 ",10
249,한국에서 처음으로 다음이 기다려지는 영화가 드디어 나왔다. 한국형 장편 sf판타지의 첫시작을 축하한다 진심으로!! ,10
250,"중간에 조금 지루하긴 했지만 그래도 무던하게 잘 보고 왔습니다. 이런 장르는 오랜만이라 성공하길 바랬는데 아쉽습니다.. 다양한 장르가 많이 나왔으면 좋겠는데 말이죠, ",8
251,이런 악평치고는 난 재밌게 봤는데 … 결말이 궁금해서 다음편 기대합니다 ! ,6
252,호불호가 있겠지만  판타지를 좋아하시는 분이라면 만족하실거라 봅니다. ,10
253,저희는 볼만 했어요. 그렇게 욕먹을 정도는 아니었습니다. 한국 CG도 많이 발전한것 같구요. 응원합니다. ,9
254,감독님 상상력 대단하시다 배우들 캐릭터랑 너무 찰떡 ,10
255,전우치 하위호환과 인랑이 만난 영화 ,4
256,딱 한마디입니다한국에서 이런 영화가? ,10
257,철저히 2부를 위한 1부.생각보다는 재미있게 봤음 ,6
258,"전 재밌었습니다그렇게 혹평할 정도의 영화는 아니었어요스토리 전개도 예상하지 못하게 꼬아뒀고, 되게 창의적인 설정이라 간만에 흥미진진하게 봤습니다.음향이 좀 컸던 거 외엔 다 좋았습니다!2부 기대되네요~~♡ ",9
259,넘 재밌는데 평점 낮으니 안타까움~전우치를 재밌게 봐서 그런가..요것도 넘 재미남~2부 언능 보고 싶음~ ,10
260,이거 뭐 알바들 찬지군 조조를 10시도 안되서 다 보고 나왔어 ? 2시간반짜리 영화를 ? ㅋㅋ사기꾼들 ,1
261,다들 재미없다고들 하는데 전 엄청 재밌었어요ㅠ 조우진 염정아 듀오 짱웃김 진짜 . 류준열 도사 말고 박보검 도사... 는 어땠을까하는 생각. 김우빈님 나오는 작품은 처음보는데 엄청 잘생기셨네요... 사진이 미모를 못...,8
262,"이거 반응이 안좋네 ㅠ 난 친구들이랑 되게 재밌게 봤는데,, ㅠㅠ 2부 꼭 볼테니까 개봉해주세요!! ",10
263,"누가 재미없대, 잘 만들었네! 한국에도 이런 영화가!! ",10
264,솔직히 넘 재밌었어요. 취향맞는 사람한테 완전역작. 만화취향인 사람들에겐 퍼펙트! 한국식k리얼영화 좋아하는 사람들에겐 비추. ,10
265,"재밌습니다 전우치보다 훨씬 나은것 같아요 전 너무 재밌어서 호불호가 갈릴만한 영화는 아닌것 같은데, 의견이 갈리네요; ",10
266,우리나라도 이런 영화를 만들수 있다는게 대단하고 배우들 연기는 말해 모해 다들 너무 잘하고2편이 빨리 보고싶고 그렇다. ,10
267,나름 괜찮은 cg와 도술을 보는 맛이 있었다 ,8
268,중구난방이긴 하지만 우선 보고 까시게나...1편으로도 볼만은 하고 2편 궁금하게는 만드는데는 충분함 ,9
269,전우치를 재미있게 봤다면..추천.혹평도 심심치않게 많이 들었지만 개인적으로는 아주 재미있게 보았음외계인 흥해라 ,10
270,악평치고는 생각보다...저는 2부 기다립니다. ,7
271,볼만하구만 뭐 그렇게 불만들이 많은지. ,7
272,신선하지도 않고 지루하고 산만하고 설명충 대사가 너무 많아요 길기도 엄청 깁니다 등장인물은 많은데 각자 따로 놀아요 ,2
273,이제껏 경험못해본 한국영화. 화면과 스토리가 헐리우드급입니다. 저는 아주 재미있고 흥미롭게 봤습니다! ,10
274,정말 색다른 스타일인데 재밌어요~~ ,10
275,용산 I MAX에서 봤어요 전 꿀잼 재미있었어요 평점 너무낮아 전 별 다섯 줍니다. ,10
276,평점에 속아 못볼 뻔 했잖아요!!ㅜㅜ 판타지 좋아하시면 진짜 꼭 보세요!!강추에용 방금 보고 왔는데 남자친구도 진짜 재밌게 봤대요 ㅋㅋ외계인2부 나오면 꼭 볼거에요!! ,10
277,우리아들과 무척이나 재밌게 봤습니다. 그런데 평점은 이해할수 없군요 ,8
278,평점 낮아서 기대안하고 봤는데 생각보다 너무 재밌었고 시간 순삭. 개인차가 있겠만 이렇게까지 악평이 많을 줄은...2편 빨리 보고 싶네요. ,10
279,아니 사람들 왜 그래여 ~~~ 한국에서도 이 정도  가능해졌구나~응원 해줘야 더 좋은게 나올거 아녀유~~ ,10
280,전 기대했던 것보다는 재밌게 봤습니다. ,8
281,이렇게까지 까일 영화는 아닌것같은데.나는 재밌었음요 ,8
282,어찌됐든 저찌됐든 재평가받을듯...? ,6
283,난 재미있게 봤는디...별점이 왤케 낮은겨... ,8
284,재밌어요!!! 평점이 낮길래 기대 안하고 봤는데 취향저격임 ,9
285,"전 2시간 넘는 시간동안 지루하지 않고 넘,재밌게 봤어요~!!!  같이 간 일행들도 이렇게 별점 테러 받을 영화는 아니라고 하던데 .. 별점 넘 안타깝네요^^;; ",9
286,나름 신선하고 볼만했음 ,8
287,난 진짜 나쁘지 않고 재밌었는데 ㅜㅜ 왜 이렇게 혹평받냐 ㅜㅜ 2부는 더 기대된다! ,8
288,저는 생각보다 되게 재밌게 봤는데 평점이 생각보다 낮네요??! 화려하고 여름에 딱 맞는 SF라고 생각했는데.... ,10
289,"크게 기대하지 않았던 영화 그러나 멋진 액션신, 연출과 영상미 좋았습니다. 전성기 무협영화 좋아했다면 강추! 개인적으로는 시간가는줄 모르고 봤습니다.  2부가 기대됩니다. ",10
290,"지금 영화보고있는데 뛰쳐나가고싶음개 지 루 ,지 갑 에 돈 챙기세요들시작하자마자 전우치 스페셜편인줄 ",1
291,평보고 기대안하고 갔는데.. 뭐야 존잼이네. ,10
292,이돈으로 전우치2를 만들었으면 더 잘됐을듯 ,1
293,사람들의 호불호가 강하다고 하여 걱정반 기대반으로 봤는데 우리나라에서 이런 새로운 장르를 시도했다는 것 자체가 이미 훌륭하며 정말 재미있게 봤다. ,10
294,사람마다 호불호가 있겠지만 한국에서 이런 영화를 만들수 있다는거에 놀랐고 내용도 재밌었습니다~~ ,10
295,이정도로 저평가될 영화는 아님 하도 노잼이라고 소문이 나서 재미있게 볼 사람들도 시도 못할듯 ㅠㅠㅠ 입소문이 진짜 중요하구나 느꼈다.. 진짜재미있는데ㅠㅠ 너무 아까워요 김우빈 김태리가 너무 멋있어서 2차 또보고시픔 ...,10
296,혹평이 많지만 오락영화로는 괜찮은 작품 ,8
297,정말 너무 재밌게 봤어요 ㅎㅎㅎㅎ 이렇게 기상천외한 이야기를 만들어주셔서 감사합니다 2부 기대하며 기다릴게요!!! ,10
298,초등아이와 같이봤는데 너무재미있고유쾌한 영화같아요2부가 기대되네요~ ,10
299,나만 재밌게 봤나 다만 아쉬운건 아직 끝날때가 아닌데 했을때 2부가 있기에 끝난거 ..내년까지 2부를 기다려야된다 ㅠㅠ ,10
300,재미없는데 긴 러닝타임에 지침 ,3
301,기다리는동안 감도 잃은듯... ,5
302,시간가는줄모르고 봤어요~ 우리나라에서 이정도 퀄리티 제작진분들과 배우분들 훌륭합니다~2부역시 기대가 됩니다 ,10
303,스토리자체도 괜찮고 CG도 좋네요. 재밌는데 평점이 안좋네요. 약간 액션물 좋아하는데 재밌게 잘봤거요 ,10
304,재밌게 잘 봤습니다. 시원한 영화인것 같습니다! ,8
305,평점은 이미 대충 들은 상태였는데도 김태리 배우님 팬이라서 기대 없이 본건데 난 너무 재미있었음 애초에 마블시리즈 이런거 한번도 본 적 없고 그런 류에 관심도 없었던 사람이라 나한테는 재밌게 다가왔을 수도 있는데 영...,10
306,너무 재밌는데..평점이 이해안감 ,10
307,이것 저것 짜깁기해서 누더기를 만들어놨네 ,4
308,배우들 연기 너무 좋고 캐릭터가 빠짐없이 다 매력있음 처음엔 조금 복잡했는데 중후반부 가면서 과거와 미래 이야기가 연결되니까 흥미진진해짐 엔딩 잘 깎아서 2부가 더 기대됨 ,10
309,여러모로 아쉬움이 많이 남는 영화 ㅠ ,6
310,SF영화 좋아하는 사람으로서 이도 저도 아닌 해외 SF영화보다 좋았습니다. 항상 한국 소재의 SF영화가 만들어졌으면 좋겠다고 생각했는데 <승리호>도 해외 우주SF소재와 크게 다를 바는 없었고 감독님 스타일...,8
311,나쁘지 않은듯..하오. 2편도 관람해볼듯 ,8
312,돈 아끼셔요 ,4
313,다른건 다 피한거같은데 이걸 못피했네 ,1
314,재밌게 봤다. 근데 2부가 더 기대되는 건 어쩔 수 없다. ,6
315,전 재미있게 봤어요.영화 보는 안목이 높지 않아서인지 그래도 재미없는 영화를 보면 재미없다 느끼는데 제 기준에서는 재미있었습니다.2부가 나올 즈음 1부를 다시 보고 2부도 꼭 볼 예정입니다. ,10
316,"호불호가 있을 수 있는 스토리지만, 전 개인적으로 너무 재미있게 봤습니다. 그리고 외계+인 2부도 기대하고 있습니다. 등장인물 하나하나 너무 매력적이였고, 내용도 좋았습니다!! ",9
317,너무 재밌었어요! 2부 기대! ,10
318,내가 좋아하는 거를 다 넣어서 오히려 더 좋았던 영화! 좋아하는 요소들 덕인지 이해도 잘 가고 빨리 2 나오면 좋겠고 영화 평점이 너무 낮아서 아쉬운 영화 ㅠㅠ ,10
319,단역까지 주연급 갖다쓴 클라멘타인 ,6
320,평점이 다소 낮아서 걱정했는데~~ 가족끼리 보기 정말 정말 재밌는데요~ 아이들이 좋아하고 저도 처음부터 끝까지 지루함없이 재미나게 봤어요.  고민없이 즐겁게 즐기기에 좋은 영화 같아요 !   한국영화에 새로운 시도 ...,8
321,왜 호불호가 갈리지? 아쉬운건 2023년까지 2부를 기다려야 한다는거 하나뿐. ,9
322,올해의 과소평가 ,7
323,개인적으로 나는 꽤 재밌다고 생각했음 이렇게 까지 혹평받을 영화는 아닌듯함 뭐 다른평처럼 이름이 잘안들리기는 했는데 cg도 괜찮았고 스토리도 재밌었음 마블따라했다고 하긴하는데 디자인만 비슷하지 소재는 다르게 흘러가는...,10
324,그냥 모든 부분에서 난 최악이였음..다들 돈 낭비 하지 마세요 ,1
325,"호불호는 갈리지만, 그래도 재밌었다. ",5
326,휴가인데 영화로 마무리했네요잼나게 보고 2부 빨리 개봉했으면 좋겠습니다 ㅎ ,10
327,믿고보는김태리 ,10
328,"그래도 난 2부를 기대하며 볼 것이다. 왜냐? 코믹요소가 나랑 맞았거든,, 재밌었어요! ",7
329,최동훈식 스토리텔링은 없었음감독 하고픈거 다 한 영화~킬링타임용으로 좋아요그런데 외계인들은 탈옥할 수도 있는데 왜 지네 죄수들을 인간에 가두나요? 그 설정부터 개연성이 많이 떨어짐...설명이 너무 부족했음 ,4
330,평점 낮아서 고민했는데너무 재밌게 봤습니다.후속편도 기대~~!!!왜 그렇게 평점 낮은지 모르겠음. ,10
331,류준열의 완전한 무륵화 ,9
332,신선하고 세계관도 재밌음 2부도 빨리 보고싶다 ㅋㅋ ,10
333,개봉날 달려가서 봤는데 너무 재밌다!! 지루할틈도 없이 숨도 못쉬고 봄 ,10
334,혹평이라 걱정했는데 SF 좋아해서 봤어요. 서로 다른듯한 두 이야기가 결국 이어져있어서 막판에 엄청 몰입했습니다! 근데 현대 이야기는 촉수가 너무 징그러워서 과거 이야기가 나올때 훨씬 재밌었어요 ,8
335,창의적인 스토리는 볼만합니다. 이런 신선한 내용들의 영화가 많이 나와야 된다고 생각됩니다. ,8
336,"낮은 평점 때문에 좀 망설이다 봤는데, 너무 재밌음. 스토리, 배우들 연기 다 좋고 완전 취향저격 영화. 최동훈 감독이 여전히 재미있게 영화 만들고 있다는 걸 확인해서 좋았음. ",10
337,굿 ,10
338,난 완전 재밌었음. 이런 영화는 별점 높게 줘서 우리나라 영화 산업을 응원해 줘야함. 캐스팅은 조금 불만이었지만 CG나 스토리는 굿! ,10
339,신선한 소재와 시나리오 다채로운 세계관 ,10
340,전우치감동으로 본건데 실망했어요 ㅠ 여러가지영화의 장면짜집기     얼토당토아닌그림 비싸게 주고사는…그런거 느껴보시려고~ ,4
341,매우추천합니다.  나만볼수없지요 ,10
342,와 ….영화 보가가 중간에 나왔어요 !흠 … ,2
343,재밌게 봤는데 평이 생각보다 별로네요 저는 아무튼 재미있게 보았습니다 ,8
344,이런 새로운 시도의 한국 영화는 좋다. 다만 받아들여지기는 호불호가 있을수 있다. ,7
345,2부가 기대됨 ,7
346,호불호가 갈릴만한 것은 사실이나 호인 사람에겐 2편이 기대되는 영화. 후반이 살짝 지루했다는 친구도 중반까지는 많이 웃었다고 인정했을 정도니 가볍게 보기에 좋을듯 ,8
347,중간중간 개그도 제 취향이고스토리도 재미있게 봤습니다. :) ,10
348,타임라인을 꼬아 놓은 듯한 전개방식이 오히려 더 좋았다고 생각합니다. 웨스트월드 시즌1의 타임라인 전개방식이 연상되더군요. 웨스트월드 시즌1은 10부작(대략 10시간) 으로 긴 영상이었기에 마지막에는 뒷통수를 크게 ...,9
349,재밌었음적어도 욕먹을 영화는 아님 ,7
350,하도 평이 좋지 않아서 별 기대없이 봤는데 괜찮았다. 우리나라도 이런 영화 나와야지^^ ,8
351,하도 평점이 안좋아 이걸 봐야하나 고민이 많았으나 언제나 보고 판단하는게 맞다는 것을 증명함. 여러 측면에서 꽤나 만족스러운 작품이었음.욕을 이렇게까지나 먹어야 할 포인트를 못 찾겠음. 안본 사람이라면 직접 보고 평...,9
352,엥 난 재밌어서 은근 시간 순삭이었는데...! 2편 꼭 나왔으면 좋겠어요!!! ,9
353,오락영화로서 충분히 재미진 영화!!! ,10
354,캐스팅 미스같아요...배역에 대한 몰입감이 너무 떨어지고 매력도 떨어져서 보기가 힘들 정도였어요. 간만에 졸면서 영화를 봤네요. ,1
355,호불호가 강력하게 나뉠 수 있을만 하지만 이정도 혹평 정도는 아니고 적당히 볼만함 ,6
356,두가지 이야기가 후반부에서 맞춰지는데 볼만하던데 2편 기다려봄 ,7
357,재미있어요 ,8
358,혹평이 너무 심해서 기대 안하고 봤는데 그정도는 아님 근데 감독이 하고싶을걸 너무 다 한 느낌..그리고 도사역할이 강동원에서 류준열이라니.... ,6
359,개인적으로 재밌었음! 저평가 되서 아쉬움 ,9
360,"시놉을 읽어도 이해가 잘 되지 않아서 걱정했었는데, 실제로 관람해보니 재미있었어요. 씬들이 몇 백년을 수시로 왔다갔다하니 줄거리를 놓칠 수도 있어요. 정신 집중해서 관람하시기를. ",9
361,생각보다 재미있는데 악평치고.... ,7
362,재미있었네요.   좋은 배우분들도 많이 나왔구요.나름 2편이 빨리 기대됩니다. ,9
363,이건 7광구의 재림2 ,4
364,지금 점수는 너무 낮은 듯 ,10
365,기대를 안해서 그럴까요? 생각보다 너무 재미있게 봐서 당황스러웠습니다. 4DX로 봐서 그럴까요? 배우분들도 다들 너무 매력적이고 스토리도 흥미로웠습니다. 과연 이 스토리가 2부로 끝날 수 있을지 궁금하고 또 2부까지...,10
366,호불호가 많이 갈리지만 참신했다. 다소 난잡한 스토리도 후반부에 가면 모든 퍼즐이 맞춰진다 ,6
367,분명 재밌게 보고 있는데도 영화가 길다고 느껴진 게 너무 신기함. ,8
368,생각보다 재밌음ㅋㅋㅋ ,10
369,사실 도술 위주로 해서 풀어갔으면 어땠을까 하는 생각이 큽니다짧은 시간에 너무 많을걸 보여주려고 하니.... ,10
370,탑건 특별관 돌려주세요염정아와 조우진말고는 남은게 없는... ,2
371,제가 진짜 이영화 비유할 정확한 한줄평 작성해봅니다민트초코파인애플고추장불닭볶음면 ,3
372,그냥...김우빈이 키도크고 참 멋있다... ,10
373,기대치를 낮추고갔는데도 뭐지 십ㅁ었다 ,4
374,감독의 과욕으로 이도저도 아니게 된 무매력영화 ,6
375,정체를 알 수 없는 잡탕 ,5
376,무슨 내용인지 잘 모르겠고 대사가 너무.. ,1
377,비빔밥이 생각나는 영화네요 슥슥 비벼서 먹으면 맛은 좋을수 있죠... 재밌게 보신분들이 부러울 따름입니다. 내가 왜 이렇게 냉정해 졌을까? ,2
378,13000원으로 떡볶이 사먹는게 나을듯. ,1
379,이게 뭔지.. 잤다.. 재미없다 ,1
380,극장표값이 아깝지 않았음! 악플 왜 이렇게 많나? ,10
381,아니 꿀잼인데 평점 왜이러지 ㅋㅋㅋㅋ 유치하긴한데 킬링타임용으로 꿀잼 ,10
382,정말 기대를 안하고 봐서 그런지 평점보단 조금 나았으나 전작들에 비해서는 확실히 아쉬운 느낌 ㅠ ,10
383,생각보단 나쁘지 않았다. 그런데 너무 많은 것을 담으려다 보니 결국 넘쳐 흘러버렸다. 영화보단 드라마로 만들었으면 꽤 성공했을 것 같다. ,5
384,너무 혹평이라 기대를 안해서인지 재밌게 봤습니다스토리도 재밌어요 ,9
385,절대 6점대는 아닌데~ 화려한 볼거리가 많고 2부가 기대되는 결말입니다~! ,9
386,희한하게 잘 엮은 상상스토리인데 보다보면 눈이 떼지지.않는다 ,6
387,생각보다 재밌었어요 ,7
388,엄청난 혹평 때문에 기대를 안 하고 가서 그런지 엄청나게 악평할 정도는 아니라고 생각했고 그냥 볼 만한 영화. ,7
389,배우들이기대되서 영화에 대한 기대를 너무 했나봐요. 비급 코믹 영화인가 싶기도 하고(근데 별로 안웃김) 여러 장르가 짬봉되었으나 특별한 장점이 없음...색깔을 다 섞으니 검은색이 되어버리느ㅡ... 그냥 별로네여 ,2
390,,3
391,나만당할수없다. 꼭가서 보길바란다. ,10
392,산만하기도 하지만 갈수록 CG가 조잡한 느낌 한국형 외계물이라는 소재는 신선한데 신선한 것에 비해 스토리도 예상가능해서 생각하는 대로 흘러가는듯...무언가 공을 들인것같은데 가볍다는 느낌이 계속 남아있네요 ,4
393,신선한 소재를 이렇게 낭비하나.. 서사는 엉망이고 전개는 산만하고 140분짜리 캐릭터소개를 본 느낌.. ,4
394,잔뜩 장황하게 벌리는 데 뒤가 하나도 궁금하지 않음2편도 궁금하지 않음 ,5
395,전우치는 그래도 괜찮았는데ㅠㅠ ,2
396,"난 잼있게봄,,, 각본 좋옸음 ",10
397,참신한 시도에 비해 안일한 캐릭터 디자인들 ,3
398,역시 직접보고 판단해야해.. 난 근래 한국영화중 제일 재밌었음 ,10
399,내용은 쓰채기인 연출과 CG만 좋은 고구마 스토리 억지로 고구마 압축해서 넣어둔 내용 ,4
400,대사가.. 하나같이 다 왜 저럴까 ,5
401,평점 왜 이래? 난 재미있게 봤는데?? ,8
402,"방금 조조로 보고 나옴. 코돌비. 호불호 갈린다길래.. 어떨까 했는데 CG도 걸리는 것 없고, 배우들 연기도 좋고. 내년 2부 개봉이라는데 얼른 보고 싶은 마음~ ",10
403,꽤 재밌게 봤는데 호불호 갈릴만하다 ,7
404,"외계인, 과거(고려시대), 현재, 미래를 엮어낸다는 것 자체가 새로운 발상이네요. 전 기대이상의 영화였습니다. 2편이 기대되네요. ",10
405,넘 재밌었습니다한국에서의 SF 미래를 봤어요 ,10
406,2부는 1년 뒤에 나온다던데 그냥 ott로 보고 2부 봐도 될거 같은.. ,5
407,개밥을 예상했으나 그래도 비빔밥이었다 ,7
408,악평에 비해서는 의외로 볼만함 ,5
409,무조건 흥행하는 배우도 없고 무조건 흥행시키는 감독도 없다. ,6
410,스토리 이리갔다 저리갔다 너무 길다 ,6
411,난....재밌었어 왜그러지? ,8
412,"감독님의 시도에 뜨거운 박수를 보내며, 2부가 너무나 기대가 됩니다.재미있게 봤어요 ",10
413,나름 재미있게 보고옴. 2부 기대됩니다. ,7
414,영화 가격이 올라가면서 냉정해진 사람들의 평가를 감당하라 ,3
415,재밌게 봤어요!!!너무 저평가 되는거 같아서 안타깝네요...2부 나오면 보러 갈거에요~ ,10
416,평점이 낮은 게 이해 안 돼서 처음으로 리뷰 남긴다 진짜 너무 재밌는데 어지럽다는 사람들은 영화를 안 본 건가? 2부 빨리 나왔으면 좋겠다 진짜 ,10
417,그... 왜... 이런걸 만드신거죠...? ,4
418,평이 안좋아서 기대를 안하고봤는데 재미있었습니다! ,9
419,혹평 많아서 기대 안했는데 꽤 재밌던데요 !! 다들 연기 장난 아님ㅋㅋㅋㅋ ,7
420,전 괜찮았는데 넘 야박해.. 사람들 ,10
421,재밌어요. 난 마블보다 재밌던데.. ,10
422,1부에 걸맞는 스토리라인과 연출이라고 생각했다.평점이 왜 이렇게 박한지 모르겠지만 개인적으로 연기와 연출 모두 훌륭했다고 생각된다. 시리즈물을 좋아하지 않거나 가족애를 좋아하지 않는다면 연출이 다소 유치하다고 생각 ...,8
423,"재밌어요!! 왜이리 악평이 많은진 모르겠는데  전우치,무협이랑 sf 좋아하면 즐겁게 보실 영화입니다 ㅎㅎ 이게 1편이다보니 다음편이 너무 기대돼요! ",10
424,꿀잼. 신선한 소재. 과거와 현재가 교차되어 진행되다가 서로 한 사건을 통해 이어지는 연출 좋음. 의상 색상들이 예쁨. 4DX 효과 좋았음. 2편 너무 기다려짐. ,9
425,평들이 안좋아서 고민하다가 오늘에서야 봤는데 괜찮게봤다.웃음도 있고 액션도 풍부하고 많은 배우들 보는 맛도 있다!! ,9
426,우리나라 영화도 이정도로 만들수 있다 지루함 1고 없고  보는 내내 집중하게 만드는 세계관 하나 더 생긴 대한민국 판 마블 에디션 하나 생긴듯.그리고 배우들 연기가...말해모합니까2편은 언제 ㅠㅠ ,10
427,흩어진 조각들이 연결되었을때의 쾌감을 느낄 수 있었다. 생각보다 가볍게 즐길 수 있는 영화 ,8
428,영화 전우치를 좋아한다면 재밌게 볼 것 같음. 난 흥미롭게 봤다. 2편이 궁금함. ,7
429,이정도면 볼만한데 평이 너무 박한거 같다. ,8
430,시간가는줄 모르고 재밌게 봤습니다!! ,10
431,"평점이 워낙 낮아서 기대를 안하고 보니까 괜찮았어요배우들이 워낙 열연을 해주기는 했지만, 판타지물이라 어색하기는 했습니다 러닝타임이 길어서 조금 힘들기는 했는데 나쁘지는 않았어요한국 영화의 CG 발전을 위한 새로운 ...",10
432,"볼만합니다. 평가가 안좋아서 걱정했지만, 나름 볼만합니다. ",7
433,문화의날로 가족들이랑 같이 봤는데 재밌었어요^^ ,10
434,감사합니다 잘봤습니다 ,10
435,"뜯어보면 단점은 아주 많으나, 주성치 영화를 보면서 일일히 지적질 하지 않듯이, 꽉꽉 채운 센스와 고민의 결과물 들을 너무 재미있게 잘 즐겼다. 시간이 흐르는 게 아쉬울 정도였다. 주성치가 부럽지 않다. ",8
436,사람들이 왜 재미없다고 하는지 모르겠음 147분이 60분처럼 느껴졌음 액션씬 cg 모두가 어색하지 않았고 눈이 즐거웠음 무엇보다 김우빈의 1인 다역 연기가 진짜로 훌륭했음 아직도 여운이 안가셔서 평점 쓰러옴 2부만 ...,10
437,신선한 소재에 기발한 아이디어를 가미한 영화에요! 과거와 현실을 왔다갔다 하는 판타지 액션물 너무 재미있어요! ,8
438,"평점이 너무 안 좋아서  고민하다가 봤는데, 전 재미있었는데요.. 처음 전개가  좀 복잡해서 그렇지.. 전개될 수록  이야기를 맞춰가는 맛이 있긴 합니다.  잘 따라가면  재미나게 볼 수 있음.. 2시간이 넘는 러닝...",8
439,전우치가 명작이었구나.. 보다 지루해서 졸았는데 깨서 시간보니 1시간이나 더 남았음. 결말은 왜 중간에 그렇게 끊는건지? ,4
440,한국 영화중이 이만한 오락액션영화 오랜만에 나온거 같습니다.뻔한 스토리 이긴한데 배우들 연기 너무 좋고 액션 좋고 연출도 좋고 다좋습니다 평점이 왜이리 낮은지 이해가 안되네요. 지금 당장은 사람들 기대치가 높아서 이...,10
441,"도사와 외계인, 고려와 현대라는 소재와 설정 자체가 일단 너무 신선하고. 우리나라에서 이런 얘기가 있었던가 싶게 너무 좋았어요. 웃기고 쫄리고 액션감 터지고.. 결론은 삼각산 신선들 넘나 애정합니다... ",10
442,에휴 알바들이 많네.. 예매율도 미니언한테 밀리고.. ㅋㅋ 2부는 제발 잘 뽑혀라.. ,3
443,"CG,액션씬은 여태 나온 한국영화중에서 단연 최고라고 할수있겠네요. 2부가 너무 기대됩니다. ",10
444,넷플이든 웨이브든 티빙이든 5-6부작 드라마로 나왔으면 욕 안먹었을텐데 ,4
445,개인적으로 재밋게 보았어요!한국에서도 이런 영화를 만들 수 있다니..! ,8
446,전 재미있게 봤어요!! 2부 기대합니다 ,9
447,필요이상으로 평가절하되는 부분이 안타까운 영화. ,6
448,이정도로 평이 낮을만 하지 않은데.. 나름 재밌게봤어요~| ,9
449,어디선가 본 듯한 내용들을 이리저리 엮어놓은 느낌.. 하고픈 이야기가 참 많은듯 한데 궁금해지는 매력이 없다 ,5
450,CG에서 중국산 티가 너무 많이 나는 듯하네요..못볼 정도는 아니지만 감독님의 이전 작품보다 수준이 낮다는 기분이 듭니다. 그리고 대사는....ㅠㅠ(내 손가락 잘 붙어있나 한번씩 쳐다보게 만들었습니다). 스토리 진행...,5
451,평점나릭이길래 걱정했는데 나름 재밌게봤습니다이정도 억까당할영화는 아니라고생각함... ,8
452,재밌는데요... ,9
453,잔존 생명 8%... 7%.. 3%.. ,5
454,상상력이 뛰어나고 아무 생각없이 볼 수 있는 작품입니다. ,8
455,솔직히 난 재밌었음 막 개 노잼이라던가 돈아까운건 아님 ,8
456,너무 재미있게봤고 다음편도 기대됩니다 ,10
457,재밋어요 평이좀 박한느낌이잇음 ,5
458,2부는 안 나오겠네 ,5
459,혹평이 굉장히 많은 것을 감안하더라도 극장에서 보기에 돈 아깝지는 않은 영화.  스토리는 국내영화로는 신선하게 느껴진다. 염정화 조우진 코믹연기가 좋았고 김우빈이 멋지게 나옴 다만 남자 주연 배우가 왜 류준열일까 하...,8
460,아주 재미있게 보았습니다. ,10
461,"4DX관에서 봤는데...잠오려 하면 쿵떡거려서 깨고, 또 잠들려 하면 이상한 냄새에 깨고... ",2
462,대단한 평론가들 납셨네 ㅋㅋㅋ 우리나라에서 이정도 cg 할 수 있구나 감탄하고 봤는데전우치 느낌나게 편집한 것도 재미있고무엇보다 가드를 김우빈으로 섭외한게 너무 찰떡임 ,10
463,난잡한 편집에 유치한 내용 ,1
464,어린이드라마 보는줄.. 유치뽕짝 ,3
465,예전 홍콩영화의 향기가 나는 SF액션 영화 ,8
466,잘봤어요 ,10
467,재밌게 잘 보고 왔어용 ㅋㅋ 돈이 아까울 정도의 영화는 아니었던듯 ,10
468,기대하고. 봐서 그런지 실망.장르도 무슨 짬뽕. 특별관 상영이 아깝 ,2
469,제가봤던 상영관은 다들 웃고 잘봤는데.. ,10
470,전 생각보다 재미있었습니다. 삼각산 신선 ㅋㅋㅋ ,8
471,재밌어요 스토리 연기 다 좋아요 ,10
472,꽤 볼만한 영화입니다...평점이 왜 낮은지... ,9
473,고려파트는 아무리 생각해도 좋음 ,8
474,이 정도로 혹평받을 작품은 아닌데 너무 낮아서 10점줌 ,10
475,걍최악임 진짜돈아까워 ,2
476,흥미로운 세계관에 스토리 창의성 최고! ,10
477,최동훈의 상상력은 어디까지인가!도술 sf 액션 코미디 다 그리 좋아하지 않는 장르인데도 그 상상력에 실제로 구현해내는 실력에 푹 빠졌다2부까지 보고 나서 평하는 게 맞는 거 같지만 1부만으로도 과감한 도전을 한 최동...,10
478,재미있게 잘 봤습니다. *^^* ,8
479,좀 정신없긴한데;; 볼만했다~ ,8
480,솔직히 좋은 영화는 아님. 근데 개망작까지도 아님. 부족한 부분 많은건 사실이지만 CG도 잘 되어있고 2편이 좀 궁금하기도 함. ,6
481,첫번째는 생각하면서 보느라 재미를 덜 느꼈던 것 같은데 어쩌다 두번 보게 되었는데 두번 보니까 더 재밌었어요! 2부가 기다려집니다!! ,10
482,김우빈 배우를 스크린에서 만나 볼 수 있어서 좋았어요. 그걸로 만족합니다... ,6
483,"뭐,.. 이렇게 까지 망할 영화는 아니었는데... 아쉽다. ",6
484,염정아님 조우진님만 나오길 기다렸다 ,6
485,클리셰범벅 + 유치함 + 기술력딸린 연출 ,3
486,전 개인적으로 재밋게 잘받어요꼭다른영화랑 비교하자면 마블도다는 나아요~~~2편 나오면 꼭보러갈게요. ,8
487,이만하면 잘빠졌구만 왜들 호들갑인가! ,7
488,웬만하면 보는데 보다 나왔음요 ,1
489,좀 어수선했지만 이런 시도 뭐 난 좀 좋았음 ,8
490,평이 안좋아 기대안했는데 역시 최동훈감독이다. 재미나게 봤다. ,9
491,"총체적 난국인 영화,,,,감독의 의도를 전혀 알수 없다.정말 이거 조금 저거 조금 다 섞음. 핵노답 ",1
492,한산보다 재밌음 볼만함 ,9
493,실망스런 CG와 이해 할 수 없는 세계관..배우들 땜에 그나마 점수드려요.. ,5
494,전우치 비빔밥에 stranger things 나물 추가요~ ,1
495,"400억 써서 이따위로 만들고 참 돈쓸곳도 많다. 감독은 취미생활로 영화 만들었지만, 님들의 지갑은 소중합니다 지금 당장 영화관 가야겟다면 탑건, 헤결 보세요 ",1
496,좋은 영화 잘봤습니다 ,10
497,분명 많은 사건과 인물이 얽히고 설킨다.그 시너지가 효과적이었는가에 의문만 남기고 2부로 넘겨버린다.1부의 완결성은 부족하나 2부 작품성에 따라 다양한 평가가 이루어질거라 생각한다 ,5
498,클리셰 심한것 빼곤 시각적 재미가 있어용 ,10
499,"배우들의 연기력연출, 스토리, 영삼미, 시대와어울릴거같지않은듯 매우 잘어울리는ost초반에는 음..이게뭐지..싶긴합니다 ㅋㅋ전우치느낌도나고 약간 예상가는 부분도있어서평점이 그렇게낮았나싶을즈음에 어느정도 전개가 훅훅흘러...",9
500,"한순간도 놓칠 수 없었던 영화!!왜 흥행 안 되는지 이해 안 돼서 리뷰 남김 ..꼭 보세요 김우빈님 정말 잘생겼어요,, ",10
501,비행기 재난 영화를 많이 봐서 크게 기대하지 않았는데 긴장감과 몰입감을 주는 연출과 연기가 뛰어나 볼 만합니다  평점을 낮게 준 사람들은 어떤 수준의 영화를 좋아하는 지 이해가 가질 않네요  외계인도 충분히 볼 만한...,10
502,나쁘지 않았슴 ,6
503,앵간히 좀 하지 스토리랑 대사가 뭐냐 이게 ,3
504,평점이 낮아서 불안했는데생각보다 재미있게 잘 봤습니다2부 기다려짐! ,8
505,"집에서 편하게 보는 우영우도 못이기는 걸 세상에 그 최동훈이 만들어냄... 전우치가 만든 모양새나 스토리 더 납득하기 쉽고, 캐릭터 구축 그렇게 잘하던 사람이 등장하는 모든 등장인물의 캐릭터 구축에 실패했다!!! 이...",1
506,류준열 얘는 연기를 뭐 압도적으로 잘하는것도 아니고 비주얼이 좋은것도 아니고 (배우기준임) 국민들 상대로 구라나 치는 애인데 감독들이 쓰는 이유를 모르겠네ㅋㅋ ,1
507,시도는 좋으나 결국 짜집기 ,6
508,2편을 기대하게 하는 영화였습니다 ,8
509,빨리 2부를 주세요 ,8
510,"최동훈이라서 [더] 아쉬운 건 맞는데, 누구였어도 [안] 아쉬운 건 아니지 ",5
511,생각지 못하게 재밌게 관람하였습니다. ,10
512,중구난방이라 몰입도 안 되고 액션도 과해서 긴 러닝타임이 피곤하게 느껴집니다. ,6
513,오락영화로써의 역할은 다했다!!!아쉬운점과 즐길거리가 분명한 영화! ,7
514,동훈... 동훈의 모든 영화를 좋아했었어요 ,5
515,편집이 너무 산만하고 과거 현재 오갈 때 이질감이 들던 퓨전sf사극 ,4
516,"최동훈 감독님, 이거 말고 전우치 2를 만드셨어야죠.. ",6
517,내가 이 영화를 그나마 재밌게 본 이유는70%가 김우빈이 멋있기 때문이고30%가 염정아조우진 콤비가 재밌기 때문이다 ,6
518,최동훈 감독이 잘하는 것에 집중하기보다 좋아하는 것에 집중하는 게 무척이나 크게 느껴지는 작품 ,6
519,감독이 하고 싶은 이야기가 많았던 것 같은데 그래서 차라리 드라마였으면 더 좋았을 것 같다는 생각이 들었어요 이야기가 어디 하나에도 집중을 못하고 숨기는 것도 많아서 등장인물들 행동도 왜 저러지? 라는 생각만 들고 ...,7
520,평점이 너무 낮다 싶을정도로 전 재밌게봤어요ㅁ ,10
521,"이게뭐지,,뭐라고 해야 할지,, ",6
522,재미있던데? 구성이나 특수효과도 좋고...배경음악은 좀 약한듯 ,9
523,심야로 봤는데 피곤함도 못느끼고 집중해서 봄! 여러 배우들 연기력에 놀라고 특히 김우빈! 너무 재밌었다 ,10
524,올해 아쉬운 한국영화 중 하나 ,5
525,알바들 ㅋㅋㅋㅋ티나노 ㅋㅋ ,1
526,잼나더구만 ;; 이정도 평점의 영화는 아닌듯 7점 후반대가 딱임!! 난 개인적으로 8점도 가능 ,8
527,볼만함 ,9
528,내시간 내돈아깝다 2편 기대안됨 ,1
529,외계인 외계인 외계인 외계인 ,1
530,스토리는 중구난방에 아이언맨/로건 등등 해외영화 짬뽕이라 신선하지도않고 러닝타임 너무 길었다..2편 기대가안됨 ,5
531,전우치의 확장판 버전으로 우리나라 특유의 해학이 살아있었어요~  스토리도 매력적이었고 전 올해본~  많은 개봉작들중 최고였어요. 다시보러갑니다~~~ ,10
532,어지럽고 산만함. 연출자의 상상력과 패기에는 박수를. ,3
533,평점보고 영화 안보러갔으면 큰일날뻔 ,10
534,"아이와 제 엄마 3대가 같이 봤습니다. 걱정을 많이 했는데 저는 너무 재미있게 봤습니다. 많은것을 담으려고해서 좀 끊기는감이 없진 않았지만 볼거리가 진짜 많고, 감동적인 부분도 있었어요. 아이도 등장인물로 나와서 제...",10
535,Cj 너넨 걍 망해라 ,2
536,단 한 번도 재미있는 순간이 없는 ,2
537,약간 아쉬운 점은 있지만 나름 보는 재미가 있음 웃음코드도 잘맞음 ,10
538,"멀티버스를 하고자 했지만, 결과는 산으로 간다.... 류준열과 강동원 차이인가? ",5
539,이런 영화는 세상에 나오면 안 된다고 생각합니다 ,1
540,너무 재미있었습니다. 왜 재미없다고 하는지 이해가 안감 그분들이 외계 인~~~인가요아님 내가 외계 인~~~인가 멋진 조연들... 이렇게 다들 알 만한 유명배우들만 연기하시면무명 배우들은 어디서 일할 수 있나요 ,10
541,,2
542,혹평이 많지만 난 너무 재밌게 봄 2시간 20분인데 정말 짧게 느껴졌다 ,10
543,한국 느낌 물씬나는 SF라 너무 재밌게 봤습니다! 빨리 2부 주세요! 잠죽자 ,10
544,호불호가 왜 갈리는지도 모르겠음 CG도 거슬림 없고 연기도 잘하고 신박함 강추 ,10
545,"차라리 1, 2편을 동시에 묶어서 내는게 나았을텐데라는 생각을 지울수가 없네요 ",5
546,한국형 sf의 새로운 도전 ,8
547,너무 많은걸 담았고 너무 많아서 문제였다 ,5
548,길게 비판하기도 지친다 투머치 ,4
549,cg는 양호하나 스토리가 너무 뒤죽박죽 ,6
550,외계+인이란 제목처럼 이야기들이 하나가 되지 못하고 겉돈다. ,4
551,걍 어디서 본거같은 장면들의 연속에.. 짜집기한 느낌 ,3
552,이딴게 최동훈의 영화라니.... ,5
553,글쎄..?? 이리 저평가될 영화인가…??? ,10
554,생각보다 재밌는데!!!신박한 이야기!! 2탄 기대되구요! 요즘 평점 너무 짜요 ㅠㅠ 6점대는 아닌듯 ,10
555,외계+인 1부 좋아요~~ ,10
556,실제 외계인에 관한 몇가지 설만 알고 봐도 세계관이 쉽게 흡수될 수 있다고 생각하는 정도라 난 재미있게 봤다. 감독님과 화려한 출연진들에 대한 기대심리 때문에 더 혹평을 듣는 듯하지만 1부라 아직 기승ㅈ까지 갔을 뿐...,10
557,배우들 연기력 탄탄하고 특히 김우빈 1인 다역 너무 잘하네요… 재미로 보기에 최고인 영화!! 보는동안 이해한다면 나름 스토리도 탄탄하고 내년 2부가 기대되는 영화다!! ,10
558,이 영화를 담아내기엔 대한민국은 너무 좁다 세계로 나가야 할 역대급 영화다 2부가 너무 기대된다 ,10
559,하루빨리 2편 보고싶어요 ,10
560,평이 안 좋길래 기대를 안했는데나쁜건 어설픈 CG말고는 없음볼만하고 이야기도 어렵지 않음하필 힘덜빠진탑건과 망치박살난토르가 상대라니안타깝 ,10
561,평이 안좋아 솔직히 기대안하고 봤습니다. 용아맥으로 봤는데 생각보다 주위분들 너무 잘 웃으시고 저도 개인적으로 재밌게 봤어요 전우치.아이언맨등 생각나는 영화가 몇있지만 그래도 나름 런닝타임동안 몰입해서 즐겁게 봤네요...,9
562,못볼정도 아니고 볼만한데... 왜이렇게 점수가 낮은지 모르겠네 ,8
563,믿고 보는 최동훈 감독님 ,10
564,시간과 돈을 아끼는게 좋을 것 같아요… ,1
565,ㅠㅠ 나와의 싸움…항마력 ㅠㅠ너무너무 그득그득 다 때려넣어서 캐릭터 개성은 없어지고 액션 멋지지? CG 개쩔지!?!?! 했던 영화 ,2
566,띠용 저는 너무 재밌게 봤어요 대체 왜 재미없다는 거지…?? 지인들도 다 재밌다고 하셨어요 ,10
567,"전우치도 재미있게 봤는데 오락영화로서는 훌륭하다고 생각함. 스토리도 나쁘지 않고, 여러 배우들 보는 재미도 있고, 긴 런닝타임이 지루하지 않았음. 다만 대사가 잘 안들려 집중을 잘 하지 못하게 되는 아쉬움이 있었는데...",10
568,“하고 싶은 거 다 해”의 결과물. 나쁘지 않았고 2부가 궁금하다. ,6
569,새로운 시도는 인정. ,7
570,대체 이게 어째서 SF물이란 말인가... ,2
571,그동한 감독의 작품에 비해서는 부족하긴 하네요 ,7
572,"감독님, 짝귀 형님이 하고싶은 거 말고 잘 하는 거 하시랍니다. ",6
573,평점순 보고 조금 놀랐는데 개인적으로 재밌었어요 소재도 제 타입이고 2부 기대해봅니다~ ,8
574,솔까염정아 연기가 짱 다른건 미안해요 뻔해요 그냥 ,6
575,호불호가 갈리는 영화인데 저는 재밌었습니다. 저 개인적으로는 선호하는 영화 개그코드였습니다. 배우들이 연기를 너무 잘해서 러닝타임이 길게 느껴지지 않았습니다~ ,9
576,무슨 내용인지 잘 모르겠다.. ,2
577,그렇게까지 욕 먹을 영화는 아니구요 염정아배우가 돋보였습니다 2탄도 보고싶어요 ,6
578,워낙 후기가 구려서 기대를 아예 안하고 봤는데 생각보다 재밌게 봤음 연기를 잘하니깐 .. ,8
579,외계인 - 영등포 CGV ,2
580,최동훈 감독 특유의 찰진 대사가 없어서 아쉽다. ,5
581,너무 망작이란 소리를 듣고 봐서 그런가 나름 괜찮았다. CG도 나쁘지 않았고 다음편도 나오면 봐야겠다. ,7
582,"난 너무 재미있게 봄.다른 사람이 본 후기보다는 내 판단을 믿는편인데후기보고 안봤으면 후회할뻔,,,,2편이 기대됨... 빨리나와아~~~ ",10
583,기묘한 쿵푸 전우치 시즌1. ,5
584,이정도면 재미있게 만든거지 보고 판단하세요2부기다리는중... ,9
585,흐음 .. 뭐라고 평을 해야 할까 ??최동훈감독님 하고싶은거 하지마세요 ㅠㅠ ,4
586,"로봇대로봇 싸움은 조금 유치했지만, 서사도 있고 마냥 별로인 영화는 아닌데요!! 2부궁금!!! ",8
587,어....재밌는데....? cg도 괜찮았고 스토리도 꽤 재밌어요. 2편 얼른 보고싶습니닥! ,7
588,너무 재밌게 잘 봤습니다ㅠㅠ평점낮은거 노이해.. ,10
589,정신사나워요. ,1
590,문화의 날 찬스로 관람했지만 제값 주고도 불만없이 보았을듯 합니다. 2023년의 2부도 기다렸다가 볼 예정입니다. ,9
591,영화관에서 비싼돈주고 본게 너무 아까워요...ㅜ ,2
592,전 재밌게봤어요 내가 본 관에서는 다들 간간히 생각도 못한 곳에서 개그코드가 있어서 웃기도 했고 배우들 연기도 좋고! 평점이 너무 안 좋아서 안볼까하다가 봤는데 나름 감동도 있고..엔딩이 좀 엥 여기서 끊어버린다고?...,8
593,오락영화로 즐기기에 무리없음 다끝날때까 지루하지않았음 ,8
594,"혹평이 많아서 기대없이 봤는데 스토리, 연출 다 좋았습니다. 혹평이 많은 이유가 스토리가 과거, 현재 왔다갔다하는것 때문인것 같은데...보기전에 영화소개만 보고 가도 내용이 더 잘 들어옵니다. 다음편도 보고싶은데 나...",10
595,평점이 왜이렇게 낮은지 모르겠어요 ! 잠깐 놓치면 스토리 이해 안될 것 같긴한데시공간이 이동하는 내용이라 살짝 복잡하긴하지만 영화에서 잘 풀어서 설명하고 있음근데 영화에서 제일 재밌는건 현중오빠 얼굴임 ,10
596,이 영화는 분명 단점이 많았지만 저는 한국영화에서 새로운시도여서 흥미롭게 봤습니다.  중간에 과거 현재 왔다갔다하며 영화 2개가 따로노는 듯했지만 영화 끝부분에 인과가 나오면서 하나의 영화가 되는 구성이 마음에 들었...,7
597,"스토리가 복잡하고 호불호가 있다는 이야길 듣고 봤는데, 너무너무 재밌는데요? 와 이렇게 재밌게 만들 수 있구나… 특수효과도 너무 대단하고… 엔딩 크레딧 올라갈 때는 눈물도 났습니다. 미스터션샤인에 나왔던 배우들이 많...",10
598,"과거와 미래가 만나는 순간, 영화도 내 마음도 붕괴되고 말았다. [붕괴: 무너지고 깨어짐.] ",5
599,중반까진 어수선했는데 중반이후 스토리에 몰입이되니 꽤 재밌네요. 2편도 보고싶어요! ,9
600,일단 잼있슴.  2부 기다려짐. 더이상이 필요한가? ,10
601,전우치도 재밌게봤고 외계인 예고편보니깐 재밌어 보여서 봤는데 정말 재밌네요. 예고편보다 본편이 더 재밌어요. 스토리가 중구난방이라고 하는데 이해력이 많이 딸린가봐요 ,10
602,어느것 하나 과하지 않은게 없다 피로하다 ,1
603,"캐릭터들이 모두 매력있고, 내용도 신선해서 좋았어요. 다음편도 기다려져요. ",7
604,알바를 풀었음에도 7점대 방어가 안되는중임...곧 6점대로 떨어질듣... ,1
605,"영화 시작하고 인트로 5분 보면서 아, 영화 잘못 골랐다 싶었습니다. 허접한 CG, 무성영화에 더빙한 듯 겉도는 음향, 왜 저게 저렇게.. 생각이 많이 드는 개연성- 감독 하나 보고 티켓 끊었는데, 감히 올해 최악의...",1
606,전 괜찮게 봤습니다. ,7
607,호불호가 심할 것 같음 스토리는 잘 모르겠으나 스케일은 크다 ,6
608,"참신하고 새로운 시도, 배우들의 연기와 캐릭터도 좋습니다. 다만, 연출 전개 방식이나 한국에서 약간은 복잡할 수 있는 판타지/액션이라 그런지 일반 관객 관심도 자체가 낮은건 아쉬워요. 장르 자체가 실험적인데, 이걸 ...",7
609,평점 보고 기대 안하고 보러 갔는데 생각보다 재밌게 본 것 같아요조금 유치할 수 도 있다 싶을 수 있는데 나름 이 영화의 매력으로 온 것 같습니다. 마지막에는 2부도 기다려지게끔 끝나서 좋았습니다.이렇게 낮은 평점까...,8
610,음 저는 졸았어요ㅠ.... ,5
611,전개에 속도감이 있는데 이상하게 러닝타임이 긴것처럼 느껴짐.... ,5
612,2편 기다립니다! ,8
613,볼만했습니다 ,6
614,솔직히 그렇게 나쁘진 않음전우치 재밌게 본 사람이라면 특히나 더더욱 ,9
615,외계+인 극장에서 보기 딱 좋네요! 세계관을 이해하는데 있어서 너무 좋았구 외계+인2도 너무 기대됩니다 ,10
616,그럭저럭 볼만 했어요! 과거와 현대 시간을 오가서 약간 복잡할법도 했는데 후반부에 떡밥 회수가 다 되어서 2부가 기다려지는 1부 였습니다 ^ㅡ^ ,8
617,생각보다 졸라재밌음 ㄹㅇ ,10
618,재밌어요~~~^^ ,10
619,전 너무 재미있게 봤습니다.  cg도 너무 좋구  암튼 추천합니다. ,10
620,이게 뭔가 ,2
621,나름 괜찮은데..?? ,6
622,내용이 산만해서 중반 넘어가면졸리기 시작하네요 스토리 집중도 안되고요 ,2
623,생각보다 나쁘지 않았음 ,8
624,"평이 너무 낮아서 기대를 완전히 접고 봤는데, 의외로 꽤 재밌게 봤습니다. 후편이 나오면 평이 달라질지도 모를거라 기대하고 있습니다. ",7
625,"음..별로다...,, ",1
626,장면 전환이 약간 번잡스러웠어요. 그래도 2부 보고싶어요. ,8
627,난 재밌었어... ,10
628,좌충우돌 오합지졸 총체적난국 ,1
629,너무 이것저것 다 집어넣음 ,2
630,맛있는게 많이 들어간다고 결과물까지 맛있진 않다. ,5
631,여기저기서 코고는소리가?? ,1
632,생각보다 재밌었음!!! 흑설 청운 도사 너무 웃겨요 ,7
633,"하나의 세계관이 만들어지기까지 많은 공과 시간이 필요하다. 단 한 편의 영화로 우리는 이러한 세계관을 구축했으니 와서 맘껏 즐기도록해, 라는 건 창작자의 과한 욕심일 뿐 그 안에서 즐기지 못하는 건 관객의 탓이 절대...",6
634,"음 나는 재미있었는데 ,, 2부도 기대 됩니다 ! ",8
635,좀 투머치하긴 했는데 나름 재밌게 봄... 그렇게 망작까진 아닌 것 같은데ㅠㅠ ,7
636,솔직히 이정도로 흥행망할 영화는 아닌데...ㅜㅜㅜ ,6
637,"<전우치>에서 봤었던 무술,캐릭터가 살짝 겹쳐보인다, 내가 <외계인1부>를 보고있는지 <전우치>를 보고있는지 착각이 될 정도다. ",6
638,너무 많은걸 보여주려다가 이도저도 못한 전개가되는듯.... ,6
639,"다소 낯설고 난해한 부분들이 있지만, 다음 2편이 어떻게 흘러갈까 궁금하긴 함..그와중에 김우빈이 고생 많이 한거 같음ㅋ ",7
640,현재평점6.9정도는 아니고   볼만해요도둑들을 워낙재밌게봐서  그거에 비하면 약한듯하지만 새로운시도도좋고  2부도 궁금합니다!! ,8
641,아쉬운 점은 있지만 2부가 빨리 보고싶다... ,10
642,그냥 잼나요 ㅎ 저는 강추 입니다 ㅎ 특히 염정아님 최고 ,10
643,생각보다 재미있었습니다 ,10
644,저는 재밌게 잘 봤습니다! ,10
645,새로운 소재로 도전 하는게 멋지네요! ,8
646,재미있는데 2편이 더 기대되네요~ ,8
647,정신없이 과거와 현재를 넘나들어 정신없긴 했지만 속편이 기대될만큼 재밌네요^^ ,10
648,2부 기다려집니다. 유쾌 통쾌 상쾌!  너무 무겁지 않고 재미있습니다. ,10
649,정말 너무 재밌게 봤어요!!!! 꼭 보세요 다들. ,10
650,전우치 엄청 재밌게봐서그런지 이런거 좋은데.. ,10
651,초반부 흥미로움을 산만한 전개와 긴 러닝타임으로 날려버리다 ,5
652,개노잼.... 올레티비 공짜로보여줘도안봄 ,1
653,"왜 혹평 받는지 모르겠어요,,,, cg도 부자연스러운 곳이 하나도 없었고 연기도 다들 넘 찰떡이구,,초반에 스토리도 후반부에가서 아 이거구나! 하는데 지인들한테 다 추천하고 있어욤 영화관에서 꼭꼭 보세요!!! ",10
654,이딴걸 할인 먹여도 본게 '치욕' 이다 ,1
655,2부 빨리 보고싶음. 기대보다는 재밌던뎅 ,10
656,기대이상으로 잘 봤어요 그리고 굳 ,8
657,"정말 재밌고요, 한국에 이런 영화가 시작되었다는게 너무 감동입니다배우들 연기가 정말 완벽 그자체인데, 그에 더해 스토리나 영상미도 좋으니몰입도가 정말 최강입니다빨리 2부 보고싶어요 ",10
658,많은 아쉬운 부분만큼 좋은 시도도 많았다고 생각한다. ,7
659,이거 재밌다는 분들 너무 부러워요... 사는 게 얼마나 재밌을까... 아침에 똥만 싸도 재밌을 듯... 앞으로최동훈은 그냥 거르는 걸로ㅜㅠ (한가지 더. 전우치 대사같은 거 오마주하고 막 이러는데 진심 오그라듬.자기...,1
660,너무 많은걸 보여주려하다보니.. 뒤죽박죽 된 느낌 ㅜㅜ ,5
661,너무 별로라는 소리를 많이 듣고서 보게되었는데 생각보다 망작이라고는 생각하지 않았다. 그렇다고 잘 만든 영화라고 물어본다면 그건 또 아닌 것 같다. 일단 2부를 보고서 어떤지 결정날 것 같다. ,7
662,볼 만 했어요 전우치 세계관이랑 합쳐지길 바래봅니다 ,8
663,생각보다 재미있어요 주인공 여자아이한테 설명하는 부분이 너무 세세해서 좀 유치해졌지만 사람들 평보다 흥미진진했어요 2편도 기대 ,8
664,최고의 캐스팅으로 한국형 마블 어벤져스를 만들려고 했으나 실패! ,5
665,초반에 조금 지루했고 뒤에가서 현대랑 과거 얘기 연결돼면 좀 더 재밌다. 2편이 궁금하게 끝난다 ,7
666,전우치 재밌게 봤으면 잼있어요! ,10
667,새로운 스타일 흥미진진했습니다 ,9
668,"CG나 연출은 꽤나 좋았는데, 중구난방한 스토리가 몰입감을 확 깨네요.  큰 기대없이 보는게 좋습니다.. ",4
669,B급 감성 좋아하시고 기대치를 살짝 내리고 보시면 충분히 볼만합니다 ,10
670,천재가 만든 영화~~연출 연기 영상 다 좋았습니다~~ ,10
671,기발하고 독특한 상상력을 따라가는 재미 ,10
672,나름 볼만했습니다. 일단 2부를 기다려보고 싶습니다.^^ ,8
673,2편을 봐야지 평을 할수 있을듯 합니다! ,10
674,솔직히 킬링타임용으로는 볼만함 근데 유독 어린애 나오던 씬이랑 김대명 더빙한게 좀 많이 별로임 솔직히 이 두개가 너무 쓰레기 수준임. 어린 배우는 아직 어색한 연기라서 별로였다면 김대명 더빙은 진짜 최악임. ,6
675,액션영화를 좋아하는 저로서는 충분히 볼만했습니다. ,8
676,의외로 재밌었어요!!! ,10
677,"두개의 시대, 인간 로봇 외계인, 러닝타임, 제작비 등 뭐 하나 과하지않은게 없음. 감독님은 이렇게나 하고싶은게 많았던걸까요. 그걸 꼭 한작품에 우겨넣어서 만들었어야했는지.. 관객들에겐 전부 부담으로 다가옵니다. ",5
678,생각보다 재밌는데 너무 욕먹어서 불쌍... ,7
679,"무척 참신한 시도였다. 완전히 기발하거나 완성도가 높지는 않았지만, 한국에서도 도전적인 장르 영화들이 더 많이 생겨나기를 바란다. 80점. ",8
680,재밌게 관람했습니다. ,10
681,다들 기대 없이 보라고 평점을 깎는건가 ㅋㅋ덕분에 기대없이 봤다가 반전스럽도록 재밌게 봄.2부 볼 의사 100% 소간지님 연기가 조금 아쉬워서 1점 뺌. 그 외에는 기대 이상이였음. ,9
682,배우들 연기 좋네요 ,8
683,다음 편은 보고 싶어요. ,8
684,내 시간 그리고 영화티켓값 돌려줘~~ㅋ ,1
685,영화 끝날 시간이 되는데 스토리를 어떻게 마무리 지을려고 하지? 봤더니 2부가 2023년에 나온다네요...ㅎㅎ ,8
686,"파랑새는 우리가 쫒아갈떄는 꿈과 희망이지만, 그걸 잡아서 새장에 넣는순간, 새장안의 평범한 새다    최동훈은 본인의 꿈을 가슴속에 간직하고 이딴 영화를 안찍었으면 어땟을까? ",1
687,생각보다 재밌고 볼만해요 판타지 좋아하면 잘 볼 듯 ,8
688,더 무서운건 2편이 남아있다는거임. ,6
689,나름 잘 만듦. 이정도 혹평은 좀 의아함 ,10
690,시간을 아끼세요... ,1
691,저는 신랑이랑 너무 재밌게 잘봤고 2편이 넘 기대되는데 ㅋ.... 후기가 처참해보여서 안쓰던 영화후기를 남기게되는 영화 ,10
692,cg를 이렇게나 때려박았는데도 지루할수가 있다최동훈감독은 무조건 거르기로 했다전우치도 별로였는데 그나마 전우치가 낫다 ,1
693,벌써부터 2부 보고 싶다 ,9
694,한국 영화의 쟝르가 다양해지는 것 같아 좋아요. ,8
695,"그렇게 재미없진 않았지만, 욕심을 조금만 덜 부렸다면 훨씬 좋은 작품이 됐을 듯 ",6
696,차라리  2편을  같이개봉했으면... ,10
697,2까지 있는지라 욕심이 과했지만 망작수준은 아닌듯 1만으로는 완결성이 떨어진다 ,6
698,악명높은 것에 비해 그냥 킬타용 정돈 되었다 ,6
699,너무 재미있었습니다 2부도 기대되고 4dx로 본게 좋았어요! 굿굿 ,10
700,아 오글오글 그래도 패스로 봐서 나름 쏘쏘~ 근데 2부를 너무 늦게 내는거 아닌가유 얼렁 연달아 내는게 나을거 같은데..영화마지막에 2023을 넣어버려서ㅠ ,7
701,초딩 아들과 함께 별 기대없이 봤는데 재미있어요. 유머 액션 무난합니다. 2편은 무척 기대됩니다. 2편에는 감동의 재미도 넣겠지요? ,9
702,빌드업을 쌓고 만들었면 좋았을뻔 했습니다. 한번에 많은 얘기를 담으려니 너무 중구난방이었어요 그치만 배우분들의 연기가 좋고 우리나라 cg가 이정도까지 발전했구나 하는 점을 느낄 수 있어서 좋았습니다. 2편은 제발 잘...,6
703,ai로봇 목소리톤 너무 부자연스러워서 오글거림 파워레인저인줄 ,6
704,호불호가 많이 갈려서 볼까 고민했는데 난 생각보다 재밌게 봤다.. 1부에선 복잡한 세계관을 설명만 하다 끝나서 뒷이야기가 너무 궁금하다ㅠㅠ 2부도 무탈히 개봉하길! ,8
705,영화가 외계하다. ,6
706,전우치는 재미있게 봤는데 이건 재미없음 ,4
707,욕심이 과한 영화 한국의 어벤져스를 만들려면 애정이 가는 캐릭터를 먼저 만들고 나와야 했던 영화 ,6
708,2부가 나오면 볼거긴 하지만 재밌다고 말하기에는 조금 그렇네요. ,7
709,감독님 동명이인인줄 알았다 ,2
710,하고 싶은건 많은데 정리되지 않은 느낌 러닝타임이라도 좀 줄였으면 그나마 나았을것 같은데 ,5
711,때로는 무언갈 뺐을 때 더 좋아지기도 하는데 ,7
712,보여주고 싶은건 많고 표현하기는 어려웠던 영화 ,6
713,어디서 다 본것같은... 아쉽다 영화가...감독님 고생은 하셨을거같아요. ,4
714,평이 나쁜데 전 그럭저럭 재밌게 봤어요. 처음엔 스토리가 너무 황당하고 유치한가? 싶었는데 보다보니 적응이 됐어요. 독특하고 재밌어요. 2부도 볼꺼에요. ,7
715,킬링타임으로 무난하게 즐길수 있는 영화입니다. ,8
716,"조금만, 아주 조금만 설명을 덜어냈어도! ",6
717,특이하고 유쾌한 소재 재밌었다. 2부도 빨리 보고 싶다. ,8
718,좋아요좋아 괜찮아요! ,8
719,이게 평점 6점씩 나올 일인가 싶은데.. 나는 재밋게 봤다.. 그냥 물타기로 재미없다 별로다 하는 느낌ㅠㅠ 내 주변도 다 잘봤다 재밋었다 2부 기대된다 하던데 영화평은 왤케 안좋은지.. 엄청 재밌는건 아니지만 볼만하...,10
720,입소문보다 괜찮다 ,7
721,대놓고 셀 수 없이 많은 오마주 그것들을 아우르는 즐거움 현대와 과거를 오가는 이야기 그것들을 뒤섞어 하나로 만드는 신선함 최동훈이라 가능한 재미들 2편을 어떻게 기다리라구!!! ,10
722,좋게말하면 킬타임은 되려나 흐음 ,1
723,결국 중간에 졸았습니다... ,7
724,전체적으로 지루하고 유치하다 ,6
725,예고편도 안 보고 관람했는데 너무 재밌었어요얼른 2 나오면 좋겠어요ㅠㅠ ,10
726,왜 6점대인지 모르겠습니다.  대사가 좀 촌스럽긴해도 볼만합니다.   분명히 별점테러임... 8점대 정도의  영화로 개인적으론 최근 마블시리즈보단 갠찬은것 같네요 ,10
727,너무나 재밌게 봤어요 생각보다 과거현재 왔다갔다 해서 이해 못하는 많은 분들이 재미없다고 한다는 평을 봤었는데 그말이 딱이네요~ ,10
728,2부가 궁금하다!! ,10
729,최동훈 감독 굉장한 영화를 만들었네. 큰 스크린과 빵빵한 사운드로 봐야할 영화인듯 ,10
730,초반에 어수선한거 쫌만 지나면. 상당히 볼만해짐. 스토리. CG.액션 모두 평타이상. 아~ 뜨거 ㅎㅎ ,8
731,불편러가 아니라면 재밌게 볼 수 있는 영화. ,8
732,사람들 이야기한거 비해서 생각보다 재미있었습니다 ,7
733,개인적으로는 재미있게 봤어요. ,8
734,재미있고 감동적이었어요 ,8
735,도전이라는 말로도 커버가 불가능 할 때 ,5
736,스토리 자체가 좀 잡탕에 어찌보면 복잡스럽기도하고 배우들 발음사운드도 bgm이나 기타 사운드에 깔려서뭉개거같아서그래서 2번은 봐야 진가를 알수있다고 어느누구가 그러던데 흠좀무;지금 1부분위기가 이러한 가운데...예매...,4
737,이것저것 다 보여주려다 혼돈의 도가니로.. 우리나라 cg기술력도이정도는 할수있다~ 를 보여주는 정도로 마무리.. ,6
738,배우들의 출연진은 좋은데 스토리 너무 아쉽네요 ,4
739,새로운 시도가 좋았어요.런닝타임이 길어서 극장에서 조금 힘들었어요.CG 퀄리티 많이 좋아 졌네요 우리나라도ㅎㅎ ,7
740,잘봤는데 불호평이 전부 이해되긴 합니다.. ,9
741,중구난방 정신없다전부 어디서 본 것만 같은 장면들의 모음 ,5
742,2부까지 보고 판단할 일이지만...일단 1부는 기대에 못미침 ,5
743,엄청 망작은 아닌데 참 애매하다..전체적으로 미묘한 영화..뭔가 다른영화들이 계속 스쳐지나가는 신기한경험 ,7
744,뭐 아직 2부도 남았다고? ,5
745,초반부의 1시간 남짓한 설명 부분이 지나면 후반부는 볼만합니다 ,10
746,조잡한 애매모호함이 불러일으키는 아쉬움 ,6
747,그렇게 엄청나게 욕먹을 영화는 아니라고 봅니다 호불호가 갈리는건 확실하네요 ,7
748,1부라서 뭔가 이것저것 내용을 억지로 다 넣은 느낌은 있음. 2부 나와봐야 전체적으로 평가 가능할듯.2부도 1부처럼 이것저것 다 보여주려고 섞어서 내면....그때는 1점도 아까울듯. 뭔가 2부를 위한 설계라 믿어봄....,10
749,2시간 동안 시공간 안에 갇혀있다가 풀려남 ,2
750,"여기 욕하는 평가랑 평점들은 히어로물 영화를 잘 못 보나봄 현대도 고려도 cg랑 연기, 액션 스케일 다 좋았고 시대이동도 스토리 진행될수록 떡밥 다 회수되고 재밌었음. 애초에 마블도 어린이 겨냥한 정의는 승리한다! ...",10
751,제 스타일 영화입니다. 그래도 잘 만들어진 같습니다.CG도 연기도 괜찮았어요..스토리도 나름 좋구요.. ,9
752,개인적으로 좋아하는 장르여서 재미있게봤음~^^ ,10
753,기대보더 괜찮게 봤습니다 ,7
754,충분히 재미있습니다 보세요! 저평가가 아쉽네요 2부와의 연결고리도 기대되네요 ,10
755,나름 재밌던데;; 왜 평점이.. ,9
756,7.5 정도 맞춰야 한다고 생각합니다. ,10
757,뇌 빼고 보기 좋은 영화.. 러닝타임 길어서 지겨움 ,6
758,왜이렇게 혹평이 많은지 모르겠네요. 제가 너무 수준이 떨어지는건지..너무 재밌게 잘봤고 2부 기대됩니다!감독님 특유의 코믹요소도 중간중간 들어가 있고 액션도 괜찮았어요.스토리도 이정도면 충분히 관람객들에게 전달되었을...,8
759,CG가 화려해서 보는 재미가 있었어요 김태리 소지섭 연기가 돋보입니다~ 2부가 더 기대되는 작품이네요 ,8
760,"별로예요!초반엔 우뢰매가 떠오르고, 이것저것 맛있는 걸 섞어서 정작 별 맛이 안나는 음식같이 액션, 무협, sf등 마구 섞어놓고 어디서 본듯한 장면들의 집합체 같다. 총평 재없다. 2편이 전혀 궁금하지 않다 ",1
761,재밌었어요. 네 내용은 살짝 게임 같은데서 본듯하죠 근데 그래서 이해하는데 무리 없고 재밌어요! 배우분들의 연기덕에 집중해서 보았습니다. 장담컨데 이게 마블영화였으면 천만년동안 물고 빨아주셨을텐데.. 동양인이 아이언...,10
762,이건 외계인이 아니라 전우치의 재평가인듯 합니다. 강동원과 유해진의 연기가 큰 도움 줬던 영화 ,2
763,"최동훈 감독 영화 특유의 대사간의 짧음이 역시 좋았구요. 배우분들의 연기,Cg 모두 좋았습니다아마 평점이 낮은 이유는 보는 분들이 영화 속에서의 시간을 어떻게 이해하는지, 나누는지 하나로 보는지의 관점에 따라 평점이...",10
764,이것저것 논란이 많은 영화이지만 킬링타임용으로 좋았고 분명한건 2편이 기대된다. ,8
765,,5
766,차라리 한편으로 나왔으면 어땠을까 하는 아쉬움이 남습니다. 2편을 위해 1편으 판만 깔다 끝났어요 그래도 흥미있는 소재와 화려한 액션씬으로 눈요기에 좋았습니다. 2편 기대중이예요. ,8
767,새로운 시도가 흥미로웠어요 ,5
768,외계에 계속 있을것이지... ,4
769,알바들아 진짜 쪽팔리지도 않니? ,1
770,,10
771,개인적으로 못 볼 정도까진 아니었는데 취향의 차이라고 생각한다 김태리 좋아해서 두번 봤다 ,6
772,자본이 어마어마하게 들어간 대작인데 망해서 아쉬움 처음부터 넷플릭스로 나왔다면 더 좋았을듯 ,5
773,,10
774,말맛의 감흥마저 잃어버린 최동훈이라니 ,5
775,너무 과하게 까이는 것 같음킬링타임용으로는 적절함 ,7
776,큰 기대 만큼은 아니지만 우리나라 이만한 SF영화 재밌었음. 전우치 처럼 재미도 있고 타격감도 좀 있고 볼만합니다. ,8
777,안타깝네요. 최동훈감독님 이번작품은 재능과잉 같네요. ,5
778,"익숙한 두개의 세계관(도사, 외계인)을 적절한 이유없이, 하나로 합쳐서 전개하다보니 받아들이기 쉽지 않았음 ",6
779,... ,4
780,"놀라운 cg 기술, 다채로운 도사들의 능력, 천둥을 쏘는 이안의 설정 등등 흥미로운 부분들이 많았지만 단순한 연출과 bgm은 cg 장면들을 지루하게 만들었습니다. 외계인 관련 디자인은 어디선가 본 듯한 익숙한 느낌을...",8
781,배우들 액션이 화려해서 보는 맛은 있음. 근데 스토리 전개가 좀 복잡해요. 아쉽지만 나름대로 잘 봤습니다 ,5
782,2부에 힘을 많이 줬는지 1부는 이도 저도 아닌 상태로 끝난 거 같다 ,6
783,조조로도 아까움 .. ,4
784,이정도로 안좋은 평을 받을 작품은 아님ㅠ 소재도 괜찮고 cg도 괜찮았는데 캐스팅이 너무 아쉬움...류준열 연기와 액션이 별로라 전우치가 계속 생각날 수 밖에 없었고 소지섭도 캐릭터를 못 살림 그래도 2부가 궁금해서 ...,6
785,나쁘지 않습니다.  고려시대와  외계인과 로봇과   타임슬립을  한영화에서 볼수 잇는거 자체가  즐거움이고.   한국에서 만든   액션장면을  아이맥스로 볼수 있다는 자제가 인생의 큰 즐거움이었습니다. ,8
786,이름값들에 비해 매우 아쉬운 짬뽕 영화. 재밌을 만한 것들을 다량으로 섞어 넣은 것이 그닥 좋지 않게 결합된 느낌. CG마저 아쉬움. ,5
787,처음으로 최동훈 망한 영화가 나오려나 ,6
788,저는 재미있게 잘 봤습니다. 액션도 시원하고 2부가 얼른 보고 싶네요. ,8
789,같이보자하고 한 친구한테 사과했습니다. / 감상포인트 하나도 없고....우뢰매보는거 같았음 ,1
790,그냥... 얼굴맛집 ,4
791,나쁘지 않았는데… 2부가 기대됨 ,10
792,타겟 연령층이 초등학생인건가요 ,2
793,평이 너무 안 좋길래 기대 안 하고 봤는데..최근에 본 영화중에 제일 집중해서 재밌게 보고 왔습니다ㅋㅋㅋㅋ몇 번 더 보러 갈 것 같네용ㅎㅎ!! ,10
794,완전 재밌게 잘봤어요 2부도 꼭 볼 예정 >< ,10
795,플롯은 훌륭하다. 전혀 상관없는 듯 보였던 과거와 미래의 두 이야기가 후반부에 하나로 매끄럽게 결합되는 부분은 감탄스럽다. CG는 훌륭하고 코믹한 장면들도 많아 유쾌하게 볼 수 있다. 그럼에도 이 영화가 산만하게 느...,7
796,"cg 자체의 이질감은 없습니다. 다만, 영화 자체의 조잡함이 보이고, 현대 시점의 장면이 유치합니다. ",6
797,한국에서 이런 스케일의 영화가 나오다니...지루할 틈 없이 너무 재밌게 봤습니다! 꼭 극장에서 보세요! ,10
798,"아직 1부라 짬뽕 느낌이 강하지만 2부가 기대되는 건 나뿐인가,, 염정아 조우진 도사 조합 최고라고 ㅠㅠㅠ ",6
799,제발 보지마세요 제가 이미 돈 날려드렸습니다. 그냥 세계관이 복잡하다 떡밥만 뿌린다 이게 아니라 그냥 재미가없음 그리고 배우연기도 잘모르겠음 류준열하고 김우빈 잘하는건 알겠는데 ㄹㅇ김태리는 진짜로 모르겠다 ,1
800,정말 이 감독이 범죄의재구성 감독이 맞나요? ,1
801,이딴걸 재밌게 봤다? 사회에서 거르면 됨. ,2
802,천재감독의 몰락인가…씁씁하다 ,1
803,"제작비 많이 썼다고 하는데, 지금 알바가 압도하고 있어요!!!한국영화는 한국영화만의 곤조가 있어야 된다고 봄 ",1
804,시나리오 신선함.cg 좋음다만 과거와 현재가 섞이질 않으니 계속 흐름을 깨는 느낌을 받음 ,6
805,엘리베이터 전투신 핵인정 ,8
806,"감독은 원하는 대로 이야기를 쏟아냈지만, 관객들을 설득하지는 못하였구나. 산만함은 어쩔 수 없다. ",6
807,심형래 감독님 영화 잘 봤습니다 ,1
808,이걸 보고나서 돈과 시간이 아깝다라는걸 느낌 ,1
809,가드 살려... ,7
810,전우치 느낌나고 2부도 기대됩니다 ,9
811,"갑자기 왠 아이언맨이.. 어른들이 재미있어 하드라, 2편 내용이 궁굼하긴 함 ",5
812,인플레이션 시대잖아요… 쓸데없이 돈 날리지 말고 조신하게 돈은 주머니에 포근하게 두세요…자다 깨다 나갈까 갈등하다 다시 잠들다 깼는데…아직도 하고 있음.. 하품 하도 많이해서 턱 아플 지경…그냥 나갈까vs 잠잘까의 ...,1
813,유튜브에 파워레인저 영상 많지 않나요? 그거 찾아서 보세요 걍 ,1
814,그냥 장난치는 것 같았어요.. 히어로물 안 좋아하시면 보면 후회할 것 같습니다 제 취향은 아니었어요 ,1
815,"볼거리 많은, 맛있는 비빔밥. ",7
816,이런 망작을~내돈 내고 보다니!!!안 본눈 삽니다. ,1
817,"사람들이 자기 돈, 시간 아니라고 너무들하네...10점을 주는건 좀... ",2
818,이계인씨가 더 재미있다. ,1
819,그래도 2부가 궁금하다 ,7
820,신선들이 너무 재미있었다 ,7
821,2부까지 보고 결정할래요.. ,5
822,정말 재밌게 잘 봤어요 ^^극장에서 보시면 더 스릴 있습니다. ,10
823,,4
824,스토리가 방대한데 너무 난잡하게 풀어놨어요 새로운 시도인건 인정 ,6
825,오락영화로 재미는 있는 편인데 제작비도 많이 들인 티는 나는데.. 뭔가 오묘하게 촌스럽고 이질감이 든다 그게 불호 요소인듯 ,7
826,몰입이 전혀 안되서 긴 러닝타임을 버티기 힘들었음 ,4
827,최감독님 하고 싶은 거 다하셨네 ,7
828,너무나 아쉬운... ,4
829,전우치가 낫다 ,6
830,과거 파트만 재밌다가 갑자기 뚝 끊기고 2부 예고 ,5
831,배우님들연기만좋고 진짜보는내내 암걸릴것같았음  아침조조에할인받고봤는데도진짜돈아깝고시간아까움 킬링타임도안됨 ,1
832,어라... 이게 뭐여.... 동명이인 최동훈인가.... ,4
833,평점에 비해서 재미있어요 ㅎㅎ 너무 기대들이 크셨는지 평점이 낮은데 외계인 나올때는 살짝 애매하지만 2부에서 잘 정리해줄거라 믿습니다 ,7
834,최동훈 감독님... 잘하는거 하나만 합시다. ,5
835,소설 읽을 때 등장인물 메모해가며 보던 추억을 벗삼아 시험공부하는 마음으로... 이런 시도가 살아나야 한국 영화가 발전하기를 바라는 마음으로... ,9
836,SF 사극판타지 이것저것 많이 결합했는데 자연스럽지 못하고 복잡하다.재밌지도 재미없지도 않은 이상한 영화...그래도 이런 SF장으가 많이 나와서 후에 좋은 한국SF영화를 볼날을 기대 ,5
837,유치하고 스토리는 산만... 대사 퀄이 많이 떨어지며 영화가 길다. 하지만 꽤 볼만하며 그럼에도 다음편이 은근 기대되는 영화였다. ,5
838,생각없이 봤지만…생각보단 괜찮은?? 2부까지 봐야겠지! ,8
839,볼만했습니다 ㅎ ,7
840,"대중의 눈은 단순하다 장르적인 새로운 시도와 1,2편을 나누는 각본가로서의 욕심은 높게 평가하지만 대중은 이를 따라 잡기 어렵다 ",8
841,한국 SF 영화라는 시도는 좋았으나 여기저기서 짜집기해온 연출들이 보인다 ,6
842,장황한 이야기에 캐릭터들이 매몰된 느낌이다. 사연을 속속들이 알길이 없으니 감정이입은 커녕 장면끼리 연결성도 부족해 보였다. 영화는 고조되어 가는데 나만 멀리 떨어져 있는 느낌... 후반부는 하품에 눈물이 났다. ,4
843,아니 이게 뭐죠 도대체 이게 뭐냐고요? 네? ,2
844,한 영화에 다양한 장르를 집어 넣으니 정신 없고 번잡스러움... ,4
845,뭐라는지 대사전달이..그러다 보니 영화 몰입 및 집중도 방해가 전체적으로 산만한 느낌 ,1
846,그냥 재미있었어요.과거에서 펼쳐지는 액션신이 신나고 좋았어요. ,8
847,재미있게 봤어요CG대박^^연출..연기 다 좋았어요평점이 생각보다 낮아서~~~10점 줍니다 ,10
848,생각보다 괜찮았어요 ,8
849,재밌는데 ,8
850,저는 재밌게 봤어요ㅎㅎ평은 그렇지만? ,10
851,좀 복잡하긴 하지만 재미있습니다. ,8
852,저렴하게 봐서 그럭저럭 재미있게 봤으나 유치한데 스토리 이해가 힘들게 산만하게 만듦. ,5
853,투비컨티뉴하자마자 극장내에 있는 모든사람들 어리둥절 ㅎㅎ ,2
854,캐릭터가 너무 매력있고 소재도 신선한데 그냥 존잼이에요. 원래 2시간 넘는 영화 못보는데 이건 시간가는줄 모르고 봤습니다 배우분들 매력터져요 ,10
855,재밌었어요!! 2부도 꼭 볼게욤ㅁ ,8
856,호불호갈리는 평인데도 개인적으론 잘 봤음. 다만 어디선가 본듯한 몇몇 영화들의 구성이 짬뽕돼보이기도 했지만 불편한 정도는 아니었음. 또 시대를 왔다갔다하는 중구난방의 복잡한 전개방식도 후반부를 보니 수긍은 갔음. C...,8
857,한국형 마블!! 어색하지 않은 매끄러운 CG에 유명한 배우들을 숨은그림찾기 하듯 보는 재미!! 2부 기대합니다!! ,10
858,우당탕탕 서울 뿌수기.. 잘생긴 주인공이었으면 안되는걸까 ,4
859,이해못하니까 잼없다고 하지 빡대가리 아닌이상 잼있음. 한국영화발전 많이함 ,10
860,재미있어요. 감독과 배우들에 대한 기대가 너무 컸던 나머지 심히 저평가된것같은데충분히 재미있고 볼만해요. 클라이막스 언제 나오지? 이런 생각 안들정도로 지루한 부분없이 보게되던데...최근본 토르나 닥스..범죄도시보다...,10
861,슬프다...400억을 왜 ...태웠을까 ,2
862,감상평도 아까움 ,1
863,내생에 가장 간 140분 ,1
864,재미도 감동도 없음 대체 무슨의도로 만든 영화인지 모르겟음ㅡㅡ 시간도 돈도 너무 아까움;; 영화상영 중간에 사람들 나감ㅋㅋ 에바 ,1
865,보다가 힘들어서 나왔어요 ,1
866,홍콩 강씨의 부활 최악의 영화 ,1
867,너무 안타까운 영화 보여주고 싶은 내용은 많은듯 했으나 웃음포인트도 억지 개연성도 없는 스토리가 너무 아쉬움 ,1
868,인생최악영화염정아가 살렸다 시간이아깝네요 ,1
869,역대급 노잼영화 이해불가능함 ,1
870,돈만 수억쓴 쓰레기 망작 ,1
871,그냥 실험적인 영화 이렇게 많은 스크린을 차지할 필요는 없는 영화임. 팬심으로 올려치기하는 평점이 너무 많아서 밸런스를 위해 1점줌.  스크린 빨리 빼라. ,1
872,인생 최악의 영화입니다 미안하지만 ,1
873,이야 이번 여름 아주 쉬원~쉬원하게 망했네 ,1
874,"전우치+인랑+맨인블랙+아이언맨 하위버전+컴미, 도입부에서 어릴 때 비디오로 빌려봤던 영구 영화 오버랩되서 망했구나싶었음 도대체 이 좋은 배우들로 무슨짓을 하신거죠... 본다는 사람 있으면 말리고싶은데 무슨 내용인지,...",1
875,EBS 드라마 보는줄 ;;; ㅎ ㅏ ,1
876,지루하고요...기대 이하였어요... ,1
877,하.. 하말하않 중간에 나올뻔 ,1
878,보다나왔다에혀..메버릭이나 또볼껄 ,1
879,의상이 너무 중국 영화 <의천도룡기> 생각나게 한다. 거부감이 듬. ,1
880, b급영화.. 제발 보지마세요 제발 보지마세요 제발 보지마세요 제발 보지마세요 제발 보지마세요 제발 보지마세요 제발 보지마세요 제발 보지마세요 제발 보지마세요  제발 보지마세요 제발 보지마세요 제발 보지마세요 제발 ...,1
881,이걸왜돈주고보나요??? ,1
882,진짜 레전드네요 꼭보세요. ,1
883,진짜 이건..하;;;돈과 시간 아낍시다. ,1
884,너무 이도저도 아닌 느낌... ,1
885,이걸 내돈 내고 용산 아이맥에서 보다니...정말 마녀2  이후로 2022년 최고의 망작...저 연기 잘하는 배우들 커리는 관심없고 내돈 내놔... ,2
886,스토리는 없는게 나은 수준이고 몰입도 불가능하고 전달하려는 메세지도 없고 처음으로 보다가 중간에 나온 영화 ,1
887,"어떤 평론가가 7광구 생각난다고..하, .. 나만 당할수없다 ",1
888,토르를 피했는데 이걸 못피하네 ,1
889,"감이 1도 안잡히는 영화, 25명이 단체로 봤는데 재밌다는 사람 한명도 없고 유튜브에 요약본 나오면 본다고 후회하는 사람들 많음 ",1
890,시나리오 쓰다 진짜 큰산 넘은듯.  히말라야도 넘었고..이건 마호메트2세가 배를 끌고 산넘은격..스포일러 하고파도 할수없음..이해되는거 1도 없네 ㅋㅋ ,1
891,흠...이건 아니다.. ,1
892,7광구에 간 복동 소녀의 재림 시즌2 수준 ,1
893,보는 내내 표를 예매한 남편을 원망했음 ,2
894,이거 볼 바에 그냥 매버릭 한 번 더 본다. ,1
895,"역대 최악의 영화 염복동이 차라리나음 보다가 구라안치고 32분만에 나옴 더 일찍 나올려다가 나보가 빨리나간사람들 화장실가는줄알았는데 알고보니 걍 나간거였음 나도 나감 최악의 개 같은 영화 , 다운받아볼 가치도없음 ",1
896,탑건을 10번 보는게 이영화 한번 본것보다 잼있다. ,1
897,오랫만에 중간에 탈출... ,1
898,도대체 무슨 배짱으로 이렇게 난잡하고 장황한 영화를 제작하고 개봉까지 시키려고 한 걸까? 차라리 5부작 정도의 드라마로 넷플릭스나 티빙에서 공개했으면 훨씬 나았을 건데... 마지막에 속편이 23년에 나온다는 자막 보...,1
899,초딩중딩은  걀걀걀 웃으면서 재밋게 봤다고 합니다 ,6
900,후...헤결 한번 더보는걸로 ,1
901,좋은 배우로 영화 이렇게 만들기도 힘들겠어요 ,4
902,오랜만에 영화관에서 영화 보다 중간에 나옴. ,1
903,와 간만에 돈아까운 영화 ,1
904,썬더 목소리 나올때마다 확 깬다 진짜... 내가 무슨 번개맨 보러 온줄... 91년작 터미네이터2 가 스토리 연출과 특수효과 면에서 얼마나 대단한 영화였는지 새삼 깨닫게 된다. ,6
905,갠적으로 시작부터 끝까지 중구난방한 느낌. 웬만해선 영화볼때 취향안타는데 진짜 이건 중간에 그만보고 나가고싶었음 ,1
906,"성냥팔이 소녀의 재림, 7광구, 리얼에 뒤를 잇는 극악무도한 액션판타지..인지뭔지... 보고나면 화가난다. 내가 뭘 잘못해서 이걸 2시간동안 봤는지... ",1
907,부족했지만 좋은 시도 ,6
908,1부는 그닥이지만 2부는 왠지 재밌을 것 같은 이상한 작품 ,8
909,서양식 SF물과 동양식 무협물의 결합이 어색하게 느껴졌다면 별로겠지만 나는 취향이었다. 과거와 현재가 번갈아가며 전개되다 후반부에 만나 뒤섞이는 스토리 전개도 좋았다. 여러 영화들에서 따온 레퍼런스나 패러디도 종종 ...,7
910,흐음 이게 뭐지...? 이게 뭘까...? ,7
911,"너무 많은 것을 담으려 한 것 아닌지.. 오히려 산만해져서 집중이 잘 안되고, 연기파 배우들의 연기도 왠지 어색하게 느껴지는 건 왜일까.. ",7
912,한국영화의 다양한 시도를 지지하고 싶습니다.몰입감있게 잘 봤습니다. 스토리도 좋았어요. ,8
913,"방대한 세계관과 모험적인 시도는 인상깊었음. 다만 여러 요소들이 매력적으로 섞이지 못해 산만하게 느껴질수 있고, 2부까지의 빌드업이 다소 지루하다. ",5
914,1부에 너무 많은걸 담으려 한 느낌이 많이 듦 ,5
915,나름 잘 풀어낸 세계관! ,7
916,개인적으론 나쁘지 않았음. 실험적이며 즐길거리가 많은 영화였음비판적인 평가가 많지만 평정 1~2점 줄 영화는 아니라고 생각함 ,8
917,2022 .07.20 개봉 ,5
918,최악의 영화는 아닌데 추천하기도 애매한. 그래도 이왕이면 극장에서 봤으면 하는 큰 스케일의 영화. 2편 나오면 어쨌든 또 볼 것 같은데 정말 기묘한 영화다. ,6
919,"일단 스토리와 영상미가 아주 굿이었습니다. 우리나라 SF영화에서 으뜸인거같고 다만 아쉬운건 연출력이 아쉬웠습니다. 스토리 전개가 끊기는 느낌이었고, 시대를 오가며 전개되는 흐름이 썩 내키지는 않았어요. 그럼에도 처음...",6
920,생각보다 괜찮았는데 정가로는 안볼듯 ,4
921,새롭고 색다른 시도. 좋은 CG ,5
922,노선을 확실히 했어야 했지 않을까... ,8
923,한국형 마블을 하고 싶은거 같음 ,8
924,한국계의 마블이라는 느낌을 받았습니다 ,10
925,왜 난 재밌게 봤구만 ..ㅎ 전우치 생각도 나고 ,8
926,혹평치고는 볼만함ㆍㆍ어디서 많이본장면들나열이고 취향탈듯한 소재네요ㆍㆍ  액션이나 cg 같은것들이 볼만했고 오히려 방대한 세계관을 짧은 영화에 담으려해서  무리인듯ㆍㆍ드라마였음  더재밌었을듯 ㆍㆍ전 그래도 2부나옴  ...,7
927,이 정도면 꽤 괜찮은데왜 다들 리뷰로 다른 관객들까지 가스라이팅하지? ,6
928,나름 볼만하지만 호불호가 갈리는 영화이다 ,6
929,2부가 있다는게 더기대됨 ,8
930,이도 저도 아닌 ... ,4
931,영화는 끝까지 보는지라...힘들었던.ㅜㅜ긴 상영시간이 더더더 길게만 느껴지고. 아 이 영화 민망합니다. 별루라서요. 총체적 대략난감 ㅜㅠ ,5
932,주인공이 강동원이면 보는 재미가 좀이라도 있었을까??? ,4
933,싸구려 뷔페에 다녀온 느낌 ,3
934,전편이라 재미가 덜 한거라면 적어도 2편에 대한 기대라도 갖게했어야 ,5
935,,7
936,하도혹평이길래 기대안하고 봤는데.그냥저냥 킬링타임용으로 괜찮음..요즘 영화티켓값이 비싸서 그렇지.. 9천원정도였음 나쁘지않게 볼듯... ,6
937,전우치 세계관에 외계인의 등장이라저는 개인적으로 호!!!! ,8
938,그래도 볼만합니다.본격적 이야기는 2부 부터 나올듯 ,8
939,ㅋㅋ 아 평이 별로라는걸 알았지만 개인적으로 감독의 모든 영화를 5번이상 볼정도로 감독의 작품을 좋아해서 고민하다가 결국 감안하고 봤지만 영화 끝났을 때의 느낀 감정은 화도 나기 어려운 실망이였어요. 참... 소재를...,5
940,내년 2부가 벌써 기대됩니다^^ ,10
941,외계+인 1부 ,10
942,중구난방. 시간 떼우기는 좋음. 자막 있었으면 할 정도로 전달력 전체적으로 떨어짐. ,3
943,정신없는 스토리..돈아깝 시간아깝 ,2
944,다들 별로라해서 긴장하고 봤는데 저는 아주 재밌었습니다 4D로 봐서 재밌었던거같아요 2D로 보면 약간 유치한 감도 있었을듯 합니다 다들 4D로 보세요!!! ,9
945,호불호가 갈리겠지만 개인적으로 볼 만했습니다.  2부 나오면 극장가서 볼 생각 있습니다. ,8
946,"패러디 느낌이 많은건 사실이지만, 개인적으로는  한마디로 재밌음! 이네요. 유쾌하고 재밌습니다. 우리나라에 이런 영화가 개봉한다는 것만으로도 멋져요. 2부도 기다려짐. ",10
947,시간많아? 돈많아?  그렇다면야.. ,2
948,"일단 최동훈 감독님의 시도는 좋은 것 같습니다. 영화도 그다지 나쁘진 않았고요, 그런데 보시는 관객들이 어떻게 받아들이실지는 호불호가 갈릴것 같은 영화인것 같습니다. ",8
949,상영시간이 길었지만 괜찮았어요~ ,9
950,최동훈 감독에 대한 기대치가 높아서 그런가? 도둑들도 그렇고 난 재미있던데 ,10
951,호불호가 많이 갈린다고 해서 기대는 안 하고 봤는데 처음 봤을 때 어... 재미있는데? 이러면서 봤고 두 번째로 볼 때도 나는 재미있게 봤던 것 같음 개인적으로 2 부도 너무 기대되고 재미있게 볼 것 같음 ,10
952,재미를 떠나 한국에서도 완성도 높은 SF 영화가 가능하다는 것을 보여준 작품. 누군가는 해야 했고 최동훈이 총대를 맺다. ,6
953,암살 도둑들 감독님이라서 평점 낮아도 믿고 봤는데.. 언제 끝나나 기다렸네요 개노잼입니다 리얼 이후 역대급 별로 ,1
954,알 수 없는 이야기 구조와 액션의 조화!!! 이해 못하면... ,10
955,가족이 보러 갔는데 모두 재밌게 봤음. 특히 김우빈이 너무 멋있었음. 1인 다역도 찰떡. ,10
956,역시 믿고보는 최동훈!!! 시간 가는 줄 모르고 봤다 ,10
957,첨엔  이래서 불친절하댔나 싶다가 후반부 몰입감이 좋구 2부는 훨씬 기대됨 ,10
958,"내가 영화관에서 본 역대 최악의 영화 top3 아수라,랑종 그리교 외계+인 ",1
959,이 정도면 9점은 줄 수 있습니다.영화도 괜찮았지만.. 이런 시도 자체도 훌륭합니다. ,9
960,"처음 포스터보고 3류영화 느낌이 나서 관심없다가 암살의 최동훈 감독이 제작했다고 하여 큰맘먹고 보게 되었습니다. 결과는 대실망이었습니다. 스토리는 중구난방, 조잡했으며 400억 제작비가 의심될 정도로 영화의 완성도가...",1
961,태리배우 좋아해서 기대했는데 영화가 전체적으로 내 취향은 아니었어서 좀 아쉬웠음 ,7
962,"연기, 액션, 대사 모두가 따로따로 논다. 올 추석에 1편+2편 TV편성해도 보지 않을 것이다. ",1
963,감독의 실험과 도전정신은 높게 삼 ,4
964,과거(고려)씬은  꽤 볼만했다.. 그런데 현실 시간대가 이건 뭐.. 지루하고 배우 연기도 어색하고 특히 로봇 목소리까지.. 2부가 나오면 보긴 하겠지만 기대치에 한참 못미쳐서 아쉬웠습니다. ,5
965,.... 별론듯 뭐지 ,1
966,외계-인 ,6
967,최동훈 감독만의 독특한 스타일의 영화이지만 나름대로 재밌게 봤다. 시간을 왔다갔다 하는 연출에 처음에는 정신이 없지만 두번보면 이해가  잘됐다. ,9
968,재미가 없는건 아니지만…. 스토리 전개가 넘 장황하고 정신없어요 ,6
969,망작은 아닌듯 한데 애매하네요. 이 배우들로 이정도면 다소 아쉽네요 ,5
970,현대판 수퍼홍길동 같다 ,5
971,너무 많은 것을 담으려 했다. 그래도 액션 장면은 인상적인 부분이 있다. ,6
972,CG도 화려하고 재밌어요 2부기대합니다 ,8
973,저는 재밌게 잘 봤습니다. 맥락상 아쉬운 연출도 있었지만 이런 장르도전 좋아요. 2 기대됩니다. ,8
974,재미없음ㅈㄴ읻ㅂ이싣 ,2
975,전우치와 에일리언과 마블을 섞어놓은 듯한 영화... 그런데 1부라서 그런가 영화가 너무 애매모호한 시점에서 뚝 끊겨버려서 그 장르 혼합 시도가 성공했는지 실패했는지 판단하기가 힘들다. ,6
976,아이디어는 기발했으나 뭔가 어디선가 들어본 듯한 이야기 같기도 하고...음...2부도 봐야 하나 싶네요. ,6
977,"쌔끈한 가드랑 귀여운 썬더, 어린이안 보는 맛에 봤음 ",10
978,스토리와 전개가 뒤죽박죽이었다 ,2
979,뭔가 신박한 영화... 도전 정신에는 박수를 쳐준다. ,7
980,,10
981,저는 재밌게 잘 봤습니다. 호불호는 갈릴 수 있는 영화인 것 같아요. ,8
982,2부까지보면 잘 마무리 할 수 있는 느낌그냥 별생각없이보면 재밌음!! ,8
983,다음편에선 조금더 정갈했음 좋겠어요 ,6
984,,10
985,그렇게 까지 나쁘진 않았는데 뭔가 시작하려고 하면 끝난 느낌이라 그냥2 빨리 보고 싶은 마음 ,7
986,그래도 인랑보단 낫네.. 돋보기 고무고무 주먹나갈때 한숨 나오더라.. ,3
987,한옥과 한복이 있는배경에서 엄청 번쩍이는 로봇을 볼수있어서 신선했습니다! 긴 러닝타임에도불구하고 집중이 잘 돼서 시간이 훅 갔어요~그리고 후반부에서 스토리를 싹 정리해줘서 정말 친절한 영화라는 생각도 들었답니당!! ...,10
988,CG 볼만함. 연기 쏘쏘. 스토리 산만. ,6
989,혼란스러운 부분들이 있었지만 재밌었고 2부 너무 궁금해요~~ ,10
990,시간도 장소도 왔다갔다 정신없지만 액션 연기 좋았어요 ,8
991,시공간을 초월하는 상상력 ,8
992,염정아 조우진만 웃겼다 ,6
993,메박 빵티로 2천원 주고 봤는데 돈 아깝다. 빵원에 봤어도 돈 아까웠을듯  캐릭터 기똥차게 만드는 감독이라고 생각하는데 캐릭터가 없는 수준이다. 뭔가 컨셉은 많은데 어정쩡하다. 그리고 외계로봇 디자인이 다른 영화에서...,4
994,기대한거보다 재미가없었습니다! ,6
995,아니..아니 왜 재밌는데…? 마녀2 비상선언 보다 훨씬 나은데 이건 적어도 표값이 아깝진 않았음그냥 무지성으로 즐기기 좋았는데… 평점 보고 기대 없이 봐서 그런가 최동훈 유머코드가 나랑 잘 맞구만 ~_~고양이 웃겨죽...,9
996,온가족이 시간가는줄 모르고 재밌게 봤습니다! ,10
997,복잡한 스토리를 짧은 시간에 잘풀어낸거 같네요. 하지만 넷플릭스 시리즈로 최소 6부작으로 만들어졌다면 하는 아쉬움이 있습니다. 영화는 재밌게 잘봤어요! ,9
998,역시 믿고 보는 최동훈 감독의 난해하지만 한국영화사에서 전혀 보지 못한 새로운 신세계 ,10
999,완전 내 스타일!!! 이런 영화 기다렸어요. 정말 재밌게 봤습니다. 2부 빨리 보고싶어요~ ,10
