movie,sentence,score
이니셰린의 밴시,다른 정보는 모르고 줄거리만 보고 어떻게 이 이야기를 그려나갈까 궁금했는데 어떻게 보면 단순한 내용인데 그걸 이렇게 풀어가다니 굿굿,7
플레인,"요즘 볼 영화가 없다고, 나는 애니메이션 안 보는데 하는 사람들이 극장에서 볼 영화로 선택하기 좋을 것 같습니다. 엄청나게 탄탄하거나 재미가 있진 않지만 이 정도면 그래도 재밌게 볼 수 있을 것 같아요",7
데시벨,"개떡같은 줄거리, 말도 안 되는 개연성, 그나마 고군분투하는 연기력",1
언어의 정원,"45분 정도의 러닝타임에 다 담아내지 못한 열린 결말, 행복이기를...",10
가구야공주 이야기,와 초반에 지루해서 폰만보다가 다케노코였나 이름생길때부터 꿀잼,10
플레인,킬링타임으로 볼만해요~,7
소울메이트,감성적이고 재밌었어요.,7
카운트,리얼 노잼.... 따분했어요 ㅠ,1
소울메이트,재밌고 볼만해요,8
더 퍼스트 슬램덩크,진짜 좋네요.OST도 여운이 오래 가네요,10
샤잠! 신들의 분노,굿즈 아니었으면 굳이 안봤을듯싶ㅇ므,7
앤트맨과 와스프: 퀀텀매니아,페이즈4의 영화보단 전체적으로 무난하긴 한데..,7
소울메이트,잔잔하게 흘러가는...여러 생각이 드네요.,5
어떤 영웅,불어나기 시작한 거짓의 여파는 막을 수가 없다,8
스즈메의 문단속,역시 영상미와 ost는 훌륭했다. 그렇지만 스토리는 너무 부족했다.&amp;lt;모노노케 히메&amp;gt;&amp;lt;하울의 움직이는 성&amp;gt;&amp;lt;센과 치히로의 행방불명&amp;gt; 무려 이 세개의 영화가 다 섞여있는 느낌이었다. 말하고자 하는 바가 너무 많아 이도저도 아니게 된 케이스.. 아이디어와 소재에 비해 전달려과 표현력이 너무 아쉽다. 다 섞여버려서 잡탕같지만 그래도 잡탕중엔 있어보이고 맛있는. 그런 느낌이다. 전반적으로 크게 나쁘지 않으니 기대 없이 킬링타임용으로 보면 좋을 것 겉다.,5
샤잠! 신들의 분노,개그코드가 잘 맞아서 많이 웃었음 ㅋㅋㅋ,7
샤잠! 신들의 분노,퀀텀매니아 보단 훨 좋네요!!,7
소울메이트,따뜻한 영화입니다. 리메이크 잘 됐네요,8
죽은 자들의 골짜기,킬링타임용 정도 되는 영화,6
스즈메의 문단속,재미있게 잘 봤습니다.,7
"귀멸의 칼날: 상현집결, 그리고 도공 마을로",재미있게 잘 봤습니다.,7
나이브스 아웃,모든 것이 완벽에 가깝지만 결말을 이끌어내는 스토리가 조금 아쉽다.,9
스윙걸즈,청소년 드라마는 이렇게 만들어야 한다,10
소울메이트,여자감성에 충실하다보니 관객스펙트럼이 좁은 영화,6
창피해,동성애 필터링. 요즘 퀴어공장이라도 생긴건가,1
마녀(魔女) Part2. The Other One,그냥 재미이있음.내스타일이야~ ,10
스즈메의 문단속,"감동 그 자체, &amp;#34;박수칠때 떠나라&amp;#34;일까요? 솔직히 4편까지는 더 해주시면 좋을듯 해요 ㅠㅠ ",10
자백,오와... 반전 ,8
티파니에서 아침을,60년대 뉴욕의 모습이 좋은 참고가 된다 동시대 한국은 가난 그자체였으니 더욱 선망했을듯 영화통째로 티파니 보석상PPL 하는 그들의 자본력 기획력 놀랍다 수많은 아시아국가들이 결혼예물로 옥반지금반지보다 다이아를 필수로 만든 홍보물이 아닐지,6
다음 소희,이해가 안되네요 요즘 누가 저런데서  일합니까  돈도 적은데 재미는 있네요 ,10
스즈메의 문단속,배경이 너무 예뻤습니다스토리는 좀 보다만 느낌이지만배경과 연출을 보다면 정말 좋은 작품인것 같습니다,10
똑똑똑,아쉬움이 많은 작품이네요,4
더 퍼스트 슬램덩크,원작보다 작화나내용이 업글됨완벽해요 ,10
스즈메의 문단속,역시 작화는 최고구요스토리는 2시간분량 애니로 괜찬타고보아요너의이름은 강력해서 뭔가끝에가 아쉽다?,8
더 퍼스트 슬램덩크,굉장히 재밌게 잘 봤습니다 ㅎㅎ,10
샤잠! 신들의 분노,"샤잠! 관람객의 분노!!Shazam! Fury of the audience, 2023",1
어쩌면 우린 헤어졌는지 모른다,담담한영화 이동휘생활연기지린다,7
이니셰린의 밴시,다정함에 대해 생각하게 만드는 영화. 마지막까지도 강아지를 걱정해주는 두 주인공.,9
애프터썬,"(아직까지는) 올해 최고의 영화. 아버지의 연기도 엄청났지만, 레옹의 나탈리 포트만 이후로 이렇게 예쁘고 연기 잘하는 아역은 처음이다.",10
플레인,우리나라 영화 중에 &amp;#39;마지막 방위&amp;#39;라는 작품이 있음. 보는 내내 그 작품 생각이 났다.,6
쉬리,무식이형 군에 있을때 스토리네요 ㄷㄷ,10
콜 제인,그들의 연대에 응원을 보내며. 근데 결말이 좀 급작스러웠던 느낌.,8
늑대사냥,그냥 싹다 죽이는 영화 감동도 없고 스토리도 없고...,1
죽이러 갑니다,재밌게 봤음팔 잘리는거,10
스즈메의 문단속,여운이 많이 남네요 잘봤습니다,10
압꾸정,이런거 만들돈으로 불우이웃돕기를해라,1
벌새,와 수작이다 박시후 연기굿,10
영웅,여운이 많이 남는 영화입니다.,10
시애틀의 잠 못 이루는 밤,음악은 좋지만 얄팍한 장거리 로맨스. 아들양반.은근히 거슬려..,4
에브리씽 에브리웨어 올 앳 원스+,올해 최고의 영화! 최근 무슨 영화를 봐도 시큰둥하고 재미를 못느껴서 나이든 탓인가 했는데 .. 다른 영화들이 이만큼 못만든 거였음,10
플레인,러닝타임도 적당하고 저예산 느낌도 나긴 해도 꽤괜찮게 재밌었음,8
핀치,결말이 너무 슬프네요..꼭 한번 봐야 할 영화.,10
플레인,2023.3.16,5
"안녕, 나의 소울메이트",어떤 사랑은 우정 같고 어떤 우정은 사랑 같다,10
데시벨,배우들 연기가 인상깊어요,10
스즈메의 문단속,처음엔 작화 예뻐서 감탄하다가 뒤로 갈수록 뜬금없는 우연의 과도한 반복+ 설명 부족+개연성 없음으오 그냥 어이없게 봤음..,6
아이 엠 어 히어로,별 하나도 아낍다  쪽바리것은  안 본다,1
소울메이트,우정은 함께 믿어나가는것!! 두배우의 연기 최고 였어요,9
바람,내 인생에서 처음으로..,10
샤잠! 신들의 분노,전편 안 보고 봤는데 재밌었습니다,6
더 킹: 헨리 5세,티모시샬라메 덕분에 한 나라의 왕이 짊어진 무게에대해 생각해보게된다. ,10
스즈메의 문단속,알파메일얼빠 주인공개연성 흠...작화 연출 ost는 5점스토리 개연성  2점 끝나고도 뭐지? 싶더라,6
플레인,악당에게 시원하게 앞바퀴를!!,6
쥬만지,1996년도로 돌아가고 싶다..,10
아임 히어로 더 파이널,콘서트의 감동이 그대로 전해지는 행복한 시간이었어요 ,10
스즈메의 문단속,진짜 너의 이름은 보다 재미있었고 다들 개연성이 아쉽다고 하는데 나는 볼 만한 정도라고 생각함영상미나 OST나오는 타이밍이 너무 완벽했습니다,8
닥터 스트레인지: 대혼돈의 멀티버스,22년도 마블치곤 괜찮음 근데 솔직히 꽤 재밌는데,10
소울메이트,친구랑  또 보고 싶어요 추천합니다  영상좋고 연출좋아요,10
스즈메의 문단속,와 너의 이름은보다 좋다,10
청춘만화,너무 안타까운 영화 마지막 권상우를  장애인으로 만들어버리는 바람에 !! 사람들한테 외면당한 !! 스토리는 좋았는데 너무 극정으로 만들어버림 만약 권상우 다리 잃은게 아니라!! 재활하면서 힘들게 이겨내는 스토리였다면 아마 흥행했을듯!! 갑자기 차사고로 다리를 날려버리는 ...ㅋㅋ어이없는 연출만 없었더라면... 뭇네 아쉬운 영화임!!,8
스즈메의 문단속,개연성은 다소 떨어지지만 영상미 연출 음악이 너무 좋았어요.,10
에브리씽 에브리웨어 올 앳 원스+,"멀티버스 세계관, 감동 전부 다 마음에들었고 한 30분-1시간까지는 이게뭐람 하면서 보다가 중간부터 점점... 마지막에 제대로 감동을 준다.",10
고스트 맘마,최진실 정말 아까운 배우,10
소울메이트,잘 만든 감성영화입니다. 원작을 모르는 입장인데 호입니다.,8
유랑의 달,일반적인 사랑이 아닌 &amp;#34;나&amp;#34;와 &amp;#34;그&amp;#34;이기에 가능한 사랑근데 남주 장애가 뭐였는지 안보임..곱추인가?,6
압꾸정,영화관에서 봤으면 호구 넷플릭스로 킬링타임용으로 봤다면 시간낭비,3
악마를 보았다,"이 영화를 일주일전 티비채널을 돌리다 우연히 보게 되었다. 욕설은 삐-처리, 몇몇 잔인한 장면 삭제된 채로 봤다. 잔인한 영화를 좋아함에도 일주일내내 이 영화가 계속 생각이 나 검색까지 하게 됐다. 실화바탕, 잔인, 공포를 다룬 영화들을 많이 봐왔지만 이 영화는 치가 떨릴정도로 역겨울정도로 연속되는 충격속에서 보았다.  편집본에다가 중간부터 본 아쉬움에 첨부터 온전하게 다시 보고 싶은 마음은 있지만, 따로 제대로 볼 자신이 없다. 그래서 난 이렇게 본걸로 만족해야겠다.배우 최민식씨의 연기력이 소름돋을 정도로 뛰어나다는걸 깨닫게 되었다.. ",9
원피스 필름 레드,"스토리도 좋고, 전투씬도 좋던데 재미있게 봤어요~ 역서 원피스는 최고 입니다~!",10
소울메이트,재미있어요,8
블랙폰,침착한 소년의 연기가 좋음,10
소울메이트,재미있어요,8
소울메이트,재미있어요,8
소울메이트,재미있어요,8
소울메이트,재미있어요,8
멍뭉이,편안하게 볼 수 있는 그런 영화. 어쩌면 잔잔하다고 느껴서 재미가 없다고 생각할 수도 있겠지만 이런 영화도 있어야 한다고 생각함,6
서치 2,똑똑똑 보고서 이거보면 진짜 엄청재밌음 몰입감최고,10
파괴자들,감동지수는 아주 높지는 않지만 번역된 제목만 봐서는 단순한 폭력물인 것 같아 안 봤는데 영화 전반적으로 올리버스톤감독의 폭력에 대비시키는 평화로움이 감성이 잘 표현된 영화이고 시종일관 지루하지 않게 감상할 수 있어서 너무 좋았다. 배우들의 연기력 특히 내가 좋아하는 블레이크라이블리와 베니코델토로가 열연해 주어서 너무 감사하게 잘 봄. 블레이크 너무 우아하게 이쁨 ㅋㅋ 잔잔히 흐르는 음악도 올리버스톤 영화의 시그니처처럼 너무 좋고 특히 내가 살았던 샌디에이고와 남부캘리포니아가 배경으라 너무 반가웠다. 라구나비치 츌라비스타 내셔날시티 라메사 산타페 산타바바라 멕시코의 티후아나 까지.. 개인적으로 추억소환 된 소중한 시간. ,10
압꾸정,"대체 왜 만든건지??? 다 보고나면 내가 뭘 본건지 후회하게 만드는...주제도 없고, 장르도 없고, 이도 더도 아닌 이상한 영화...",4
미이라,우리의 추억과 감동은 늘 고전 속에 있다.,10
카시오페아,신파로 깊게 빠지지않고 담백함.,10
"오늘 밤, 세계에서 이 사랑이 사라진다 해도",좋았습니다. 나에게 무의미 했었던 하루하루가 누군가에게는 뜻깊고 소중한 하루일테니 저도 하루하루 열심히 살아야겠습니다.,10
플레인,이런 영화에 기대할 수 있는 최선.,7
샤잠! 신들의 분노,무색무취. 배우는 재미있는데 뭔가 아쉽다.,6
더 퍼스트 슬램덩크,애니가 어케 이럴수 있지…ㅜ대 충격,10
스즈메의 문단속,어느 방면으로든 결핍이 있는 사람들에게 위로와 공감이 될 영화. 관람객 본인의 경험이 마지막 퍼즐 역할이 될 영화. ,10
스즈메의 문단속,어느 방면으로든 결핍이 있는 사람들에게 위로와 공감이 될 영화. 관람객 본인의 경험이 마지막 퍼즐 역할이 될 영화. ,10
교섭,보통 인질극 협상 영화는 인질이 구출되길 바라는 그런 긴장감이 있어야 되느데  인질이 죽길 바라는 영화는 처음임 ,3
똑똑똑,나름 잘 보긴 했으나 취향은 아니라 그럭저럭...,5
서치 2,어떤 영화인지 검색하다가 스포 당하지말고 영화관에서 직접 보길 추천!! 개인적으로 1보다는 2가 좋았음. 어린나이의 주인공이라 인터넷을 확실히 속도감있게 잘 쓰고 러닝타임 내내 몰입감과 긴장감을 놓치지 않게 잘 만든 영화라고 생각 함. 중반의 연출에서는 소름이 돋았을 정도.,10
비스트,언니라는얘 진짜 빡친다 ,1
샤잠! 신들의 분노,"너무 자버렸네요.. 잠 잔 저도 잘못이지만, 저를 못일어나게 하는 이 영화는 참..",5
소울메이트,무엇이 거짓일까? 근데 어떤 것이 진실이든 마음이 먹먹해지는 건 똑같다..,7
스즈메의 문단속,러닝타임을 줄였으면 좀 낫지 않았을까..,6
이니셰린의 밴시,무슨얘기인지를모르겠다..,6
아바타: 물의 길,정말 영상미하나는 몇번을 재관람해도 안질리는 명작...!이게 진짜 CG가 맞는것인지 의심될정도로 너무 아름다고 황홀했어요빨리 아바타3가 나오길 바래봅니다!!,10
아바타: 물의 길,정말 영상미하나는 몇번을 재관람해도 안질리는 명작...!이게 진짜 CG가 맞는것인지 의심될정도로 너무 아름다고 황홀했어요빨리 아바타3가 나오길 바래봅니다!!,10
소울메이트,너무 감동적이고 아름다운 사랑이야기,9
플레인,생각하는대로 이야기가 진행된다.,7
앙: 단팥 인생 이야기,"인생에는 2가지의 도라야끼가 존재한다. 하나는 도라에몽의 도라야끼고, 다른 하나는 이 영화의 도라야끼다. 도라에몽에서의 도라야끼는 동심, 우정, 추억, 즐거움이라는 맛이 나고, 이 영화에서의 도라야끼는 위로, 감동, 기쁨, 슬픔, 죄책감, 후회라는 맛이 난다. 그리고 우리는 이 2가지의 도라야끼를 인생, 삶이라고 부른다.",10
비스트,제일 불쌍한건 숯사자 아니냐 무리잃고 동족한테도 공격당하고,2
똑똑똑,조던 필 감독을 어설프게 따라 한듯한 샤말란..감 많이 떨어졌네,5
다음 소희,"어떤 사회가 좋은 사회인지 알려면, 가장 낮고 약한 사람들이 어떻게 사는지 보면 된다고 합니다. 우리 한국사회는 이에 어떤 대답을 할 수 있을까요? 영화 보면서 저도 반성하고, 사람을 함부로 대하면 안되겠다는 생각이 드네요.",10
타이타닉 2,2.23 뭐냐ㅡㅡ 0.01내려라,1
스즈메의 문단속,안봐도 비디오 주말에 보러갈게ㅠㅠ,10
샤잠! 신들의 분노,진짜 재미없어요 유치하고 무슨 8-90년대 영화 보는줄.. 너무 유치뽕짝 ㅠ 무슨 파워레인저도아니고 돈아까워요 ㅎㅎ,2
스즈메의 문단속,사건의 개연성이 아쉽다. 고전소설마냥 사건의 시작도 고양이 사건의 끝도 고양이의 변덕 고양이 한테상당히 열받는 영화,5
써티 데이즈 오브 나이트,이거왜케 평점이 낮지..개무서움 ㅜㅜ,10
소울메이트,배우들의 연기가 다들 너무 좋았습니다. 추천합니다,10
플레인,적당히 볼만한 영화였다,7
더 퍼스트 슬램덩크,몇번을 다시 봐도 너무 재밌네요. 추천합니다,10
플레인,기대 이상으로 재밌게 봤습니다~,9
소울메이트,"포스터만 보고 그쪽 이야긴줄 알았는데, 생각보다 괜찮았고, 상업영화와 독립영화 중간쯤에서 왔다갔다 하는 느낌?",7
유어 아이즈 텔,왜 이제서야 봤나요…….,10
다음 소희,취업률 통계에 목매는 사람이 생각나네요...,10
압꾸정,와 영화보고 시간아까운적은 처음,2
스즈메의 문단속,볼만해요,7
타클라마칸,세 사람의 운명의 엇갈림 속서로를 알지도 못하는데죽고 죽여야하는 운명영화가 끝나고 나서가슴이 먹먹했다ㆍ,9
체리 향기,영상미와 연출이 압권이다. 하지만.. 설득력은 없달까  바게리의 말보단 바디가 신학생에게 하던 말이 더 와닿는다. 바게리를 찾아갔을 때 바게리의 단호한 모습에 바디가 쉽게 흔들렸다고 생각한다. ,4
블랙 팬서: 와칸다 포에버,머냐? 너무 재미없어서 10분씩 끊어서 봤다. 아프리카 부족영화 보는거같다. 출연료 아끼려고한건가? 근데 네이버 영화 없어지면 어디에 평점 적냐,1
치어 댄스,"나는 눈의꽃 일본영화 여주였던, 나카죠 아야미가 더 좋던데 ㅋㅋ 다들 히로세만 얘기하네 ㅋㅋ",7
데시벨,시간이 어떻게 가는줄 모르고 봄 . 초반에 폭탄으로 적당히 긴장감주다가 (가끔나오는 유머코드도 적절) 먹먹해지는 스토리로 감동까지 . 눈물이 얼마나 나던지..  세상에는 한마디로 결정 지을수 없는 일들이 얼마나 많던가..어릴때는 몰랐던 뜻대로 되지 않은 세상.단 옥의 티는 김래원은 아빠가 아니라 삼촌같음 ㅋ 딸 나이를 더 어리게 하던지. 김래원와이프는 와이프 아니고 누..나.. 그럼에고 불구하고 감동인 영화. 데시벨이 이런 영화인줄은 몰랐네요. ,10
블랙 아담,고대 이집트어 쓰던 놈이 5천년만에 깨어나자마자 바로 영어 쓰는 거 보고 껐음.,1
다음 소희,이러한 현실에 너무 화가나네요..ㅠㅠ,10
소울메이트,잘봤습니다 너무 좋았어요,10
또 하나의 약속,약자의 편에 서서 사회적인 문제를 다루는 이런 영화를 칭찬합니다.,10
스즈메의 문단속,눈이 아름다워지는 작화... 개연성은 조금 아쉬웠지만 곱씹으면 곱씹을수록 여운이 남는 영화.다시 보러가고 싶음.,8
마담 싸이코,몰입감이 엄청나다고 생각될 정도는 아님 연기는 좋으나 스토리가 좀 억지스러움..,6
더 시크릿 하우스,슬픈 공포 스릴러란 말이 너무 잘 어울리는 영화 여주 너무 이쁨 아이덴티티23에서도 너무 이뻤는데 ,8
소울메이트,여주인공의 캐미도 좋고 영상미도 좋았습니다!,10
스즈메의 문단속,다이진 너무 슬프다ㅠㅠ 한 때 토지시였던 인간 아이였을까...라는 생각이 드는 순수한 존재 같았음.,10
우리들,성장 영화는 마흔이 넘은 지금도 나를 뒤돌아 보게 한다. 수작이다.,10
매복,앞으로 영화를 만들때 흑인들은 출연수 제한을 두어야 함 죄다 깜둥이들만 나오니 누가 누군지 모르겠다 그리고 아파치하고 지상병력하고 합동작전을 펼쳤으면 적군의 주의력이 분산되어 진작에 이겼다 그런 최신식 장비를 가지고도 이렇게 헤매니 보는 내가 다 답답하다,6
B컷,킬링타임용으론 나름의 재미가 있음 어디까지나 킬링타임용으로만이다. 그 이상은 기대하지마시길.. B급 상업영화 수준으론 딱임,8
제인 도,온전하게 공포심에 포커싱을 둔 호러 영화라기보다  미스터리 / 추리 / 호러가 결합된 영화. 게다가 점프 스케어나 크게 무서운 장면이 많지 않아 공포영화를 잘 보지 못하는 사람도 상대적으로 쉽게 접할 수 있지 않을까 한다. 일반인들에게 생소한 시체 검시관의 입장에서 제인도의 정체에 대해 풀어나가며 관객의 궁금증을 유발하여 몰입감이 높은 편. 제인도의 내막과 관련된 스토리를 조금만 더 깊이 있게 구성하고 이를 더 많이 풀어나갔다면 훨씬 좋은 영화가 되지 않았을까 싶다.,8
체인질링,두번봐도 좋을 영화~^^,8
압꾸정,어려워요 재미를 찾기가,1
스즈메의 문단속,"세련된 작화, 더욱 유려해진 빛의 표현만큼이나 섬세하고 균형잡힌 스토리가 내 감성을 몇번이고 들었다 놓았다.",10
"귀멸의 칼날: 상현집결, 그리고 도공 마을로",액션씬 정말 입이 안 다물어 질 정도로 좋았고 너무 재밌게 봤습니다.3기 1화도 너무 재밌게 봤구요! 영화관에서 보는거랑 컴퓨터로 보는거랑 차이가 정말 크네요 영화관에서 꼭 보시길,9
다음 소희,"책임지지 않는 죽음, 대한민국이 답해야 할 때",8
스즈메의 문단속,깔끔하지 못한 스토리.그러나 재미는 있음.일본 애니메이션 각본 특유의 문제점이 많이 보이나 그냥 킬링타임용으로 보면 나쁘지 않음.다이진이 제일 이해가 안됨.1.다이진은 왜 스즈메를 좋아하나2.다이진의 목적은 무엇인가3.다이진은 소타를 왜 의자로 만들었나(왜 소타를 싫어하는가)4.다이진이 갑자기 자기가 요석을 하겠다고 말한 이유는 무엇인가5.사다이진이 나타났을때 스즈메 이모는 왜 기절했는가6.스즈메는 왜 스스로 요석이 되겠다고 말했나(사랑때문에???-&amp;gt;개연성 부족이라 생각)결국 다이진은 왜 있는지 모르겠고 중간에 스즈메가 다이진을 좋아하게된 것도 이해가 안됨.악역이면 처음부터 끝까지 악역 포지션을 유지했어야 한다고 생각.,6
에브리씽 에브리웨어 올 앳 원스+,돌맹이 빼곤... 정신없고 폭력적이기도... 소란한 영화라 감동이 그닥요 ㅡ.ㅡ,4
언어의 정원,키야~ 신카이 마코토 특유의 색감이랑 작화는 안볼수 없어요. 다만 좀 변태 기질이 있음.,10
헤이트풀8,영화를 보면 볼수록 감독이 얼마나 많은 영향을 미치는지 느끼게 해준다. 정말 잘 만든다.,10
더 퍼스트 슬램덩크,원작팬이라면 꼭 봐야됨,10
악질경찰,와 진짜 세월호 중간에 끼워 넣으면서 그냥 퀄리티 폭망이네. 나머지 연기자들의 헌신이 아깝다. ,8
특송,음 시간가는줄 모르고 보긴했음. 극중 배역들을알뜰 살뜰하게 다 잘쓴것같음. ,10
원더 우먼 1984,도저히 같은 감독의 작품이라고 생각할수가 없다... DC 진짜 너무하네요...,2
지금 만나러 갑니다,감동이있는슬픈영화ㅜ,10
이니셰린의 밴시,기대가... 너무 컸나 보다...,6
데어 윌 비 블러드,인간 탐욕의 민낯...다시 봐도 명작,10
소울메이트,지루하지 않게 너무 잘봤네요~,9
소울메이트,배우분 연기로 커버 되네요~,9
소울메이트,별기대 안했는데 재밌네요!,8
젠틀맨,무난합니다 ㅎㅎ,6
스위치,가볍게 보기 좋아요 ㅎㅎ,8
극장판 헬로카봇: 수상한 마술단의 비밀,아이들이 좋아해요 ㅎㅎ,10
스즈메의 문단속,"역시 영상미랑 연출, ost가 너무 좋았어요영상미가 좋아서 보는 내내 눈이 즐거웠지만,개연성이 조금 떨어지고 후반부엔 내용이 난잡해지는 느낌을 받았어요아쉬웠지만 작화가 너무 좋아서 재밌게 봤습니당!!",8
어떤 영웅,내가 아는 것이 전부가 아닐 수 있다,8
에브리씽 에브리웨어 올 앳 원스+,우주비행사들이 우주에서 매우 작은 지구를 바라보면 삶에 초연해진다고 한다. 우리의 존재와 삶이 잘났든 못났든 어떻든 따져보면 모두 하찮고 부질없고 허망하지만... 상대방을 인정해주고 사랑으로 보듬고 함께한다면 의미있다. ,8
스즈메의 문단속,약간 결말이 아쉽고 남주가 의자로 있던 시간이 많긴했지만 최고였다,10
데시벨,많은분들이 개연성 아쉽다 하는게 이해가 된다. 좀만 더 밑배경이 튼튼했으면 좋은 연기력에 대단한 영화가 나오지 않았을까 싶다.,8
플레인,뻔하고 뻔한 스토리와 클리셰 범벅의 영화지만 아는 맛이 무서운 팝콘 무비면서 흔한 제라드 버틀러식 B급 영화.. 악당들이 뭔가 허술한 느낌도 받았고 군데군데 허술한 부분도 많이 보였지만 나름의 긴장감도 있었다. 마이크 콜터 어디서 많이 봤다 했는데 넷플 영화 카터에 나온 사람이었구나 어쩐지 낯이 익더라니.. 스피드 쿠폰으로 만원 할인하고 4천원으로 즐기기엔 충분하지만 15천원 주고 본다면 글쎄 할 영화,7
스즈메의 문단속,스즈메의 문단속 재밌어용,10
소울메이트,내가 안다고 생각한것이 전부가 아니였고 서로를 위한 거짓말이 아름답게만 남을수는 없다는 사실이 슬프면서도 감명깊다. 뻔하지 않은 연출과 두 배우의 연기가 스토리를 지루하지 않게 러닝타임동안 집중도있게 끌고 가준다. ,10
메간,?스포주의?..어린친구가 사망하고 옆집 아주머니가 사망했는데 엄마역 배우의 감정기복이 너무나 없는  모습임:; 충격받는 모습이 나올법 한데…의도된 연출인 것인가..딸이 말 안들어서 속썩일 때만 화나는 듯한 모습… 암튼 뭔가 좀…어색하고 아쉬운 부분많음…,4
더 브릿지,제니퍼 로렌스 예뻐요-^^,10
살수,아니 사극인데  아랍사람을 주인공으로 쓰면 어또카니 ㅋㅋㅋ,1
스즈메의 문단속,진짜 존잼  갠적으로 너의 이름은 보다 재밌었음꼭 보세요~,10
스즈메의 문단속,센과치히로는 개명작임이거는 뭐 그냥 지진에서모티브얻긴햇는데딱히 수준낮은 연출임,6
파이프라인,아후 정신사나워 좋은 감독 좋은배우 아까워,1
스위치,결말 예상은 되긴하지만 훈훈한 마무리에 재미도 있었음..연인끼리 봐도 좋고 가족들과 봐도 좋을만한 영화임.,10
소울메이트,배우들의 연기와 스토리가 좋았습니다,8
오아시스,이 둘의 섹스가 불편하세요? 그럼 자세를 고쳐 앉아 ㅅㅂ럼들아 ,9
다음 소희,극장에서 못본게 후회스럽네요 지금 이라도 많이들 보셨으면 좋겠어요 ,10
니 부모 얼굴이 보고 싶다,연기자들 연기력 좋은건 당연한건데 뭔가 선생이 중심이 되서 해결해 나갈줄 알았는데 갑자기 설경구가 중심이됨. 가해당하는 장면만 너무 자극적으로 연출되고 법정에서 씬은 너무 허술했음. 그냥 기분만 안좋아지고 세상겁나서 애낳기 싫어지는 영화. ,6
레디 플레이어 원,언제나 꿈과 희망을 심어주는 스필버그.,10
스즈메의 문단속,일본에 지진이 많이 나는이유 ㅋㅋ,10
샤잠! 신들의 분노,솔직하게 cg티 너무 난다 ; 블랙아담보다 cg퀄 너무 떨어짐  ;   특히 옥상 배경 왜케 그래픽 느낌남; 일부러 저런건지;; 몰입감 방해될정도임 ,5
헬로우 고스트,퇴근후 혼술하면서 코미디 영화를 자주 봐서 이번에도 코미디 영화를 찾아봤습니다 저는 올레 티비를 보는데 코미디 영화쪽에 평점이 좋은게 있어서 그냥 생각없이 웃으면서 혼술하려고 시청했습니다 중간부까진 솔직히 빵터지는 것도 없고해서 흔히 말하는 알바댓글에 낚였구나 싶어서 술만 마시고 끄고 자야지 싶었는데 후반부에 미친듯한 반전에 오열을 하면서 끝까지 안봤으면 후회할번 했구나 느꼈습니다 제 인생영화중 하나에 포함될만큼 명작인데 제가 너무 몰라뵈서 죄송합니다,10
소울메이트,진짜 너무 슬펐다. 스토리도 너무 탄탄하고 무조건 추천하는 영화. 아무래도 여운이 좀 갈듯! 재관람 의향도 충분히 있다. 이건 정말 사랑이 아닐까,10
정직한 후보2,참나..시간 아깝네요,2
동감,"여진구 연기에 의리로 본 영화지루함과 뻔한 클리셰, 억지로 감동을 우겨넣고 그마저도 부자연스러운 여주인공 연기로 없는 감동을 깸",1
소울메이트,다른 것보다 영상미가 너무 좋았어요 영화의 모든 장면이 예뻐서 힐링.. 관람평에서 어떤 사랑은 우정같고 어떤 우정은 사랑같다라는 말을 봤는데 이 말에 공감할 수 있었던 영화였던 것 같아요,10
너의 췌장을 먹고 싶어,제목때문에 손이 가질 않아 이제야 봤는데 상당히 좋은 영화입니다 소설이 원작인것 같은데 읽어보고 싶네요,9
스즈메의 문단속,일본 대지진 트라우마를 표현한듯,7
데시벨,군인정신을 다하는 한국의 청춘들 고맙다ㅠ,10
가을 이야기,계절시리즈 중 가장 코믹함. 인간관계의 판타지와현실 사이의 간극이 잘 드러난 작품. 마지막 컷도 인상적이엇음.,10
압꾸정,"정경호와 마동석 케미가 더 살았다면 훨씬 흥미진진했을텐데, 그게 안되니 뭔가 이도저도 아닌 느낌.",4
인랑,씹뜨억하면 화낸다는게 사실인가요?,1
스페셜 시큐리티 : 라스트 미션,"단촐한 80년대 영화 느낌 , 스토리가 너무 단순함",6
#살아있다,이 좋은 소재를 가지고서 이정도 몰입감이라니.. 연출이 너무 아쉽다. 좀더 처절하게 버티게 하거나 좀더 조여오는 공포감을 조성할 수 있었을텐데...쩝 ㅠㅠ,6
스즈메의 문단속,신카이마코토 영화는 믿고본당 ㅜㅠ,10
소울메이트,스토리에 공감되지 않는 부분도 있었지만 제주도의 아름다운 풍경과 섬세한 미장센으로 만족합니다.,7
서양골동양과자점 앤티크,퀴어 영화 우웩!!!1,1
콜 제인,한남충이 한남소추라6.9센티미터라는(초속5센티미터의 속도로 대가리를 날려버리고 싶은)그년들 때문에 평점10점 만점을 절대 못주겠다.여성의 몸은 절대 자신의 것이 아니다.그 뱃속에서 나올 애새끼들의 것이다.바이든도 날리면 인간 자일라진 같은 년들(웃음),7
플레인,허술한 구석은 있지만 본인의 포지션에서 나름의 역할은 하는 영화.,7
다음 소희,신문이나 방송에서는 중소기업은 일할사람이 없다고 난리라고 한다 하지만 다음소희는 당신일수도 당신의 자식일수도 있다  ,8
메탈 로드,애들은 못보는 애들영화 ㅋㅋㅋ 메탈이 첨가된 스쿨오브락,8
서양골동양과자점 앤티크,마약 생각이 나요,1
건축학개론,"나도 1학년 풋내기 때 저렇게 불꽃같이 만나고 저렇게 허무하게 헤어졌다. 서로 좋아한 단 말도 제대로 못해보고. 그땐 그게 맞는 것인 줄 알았지. 사랑하는 사이가 아니면 가질 수 없는 수많은 시간들을 가졌는데도 그냥 그렇게 헤어졌어. 나보다 더  뒤 세대 이야기지만, 전람회 노래도 이미 직장인 때 나온 노래지만....내가 겪은 일과 너무나 닮은 이야기, 그래서 너무나 가슴 아픈 이야기. 그러나 그 어떤 것과도 바꿀 수 없는 소중한 이야기. 이 영화를 볼 때마다 가슴에 박힌 보석처럼 아프고 빛나네요 ",10
소울메이트,재주소년의 노래 &amp;lt;눈 오던 날&amp;gt;과 영화속 그림처럼 마음에 오래 여운이 남는 영화.,8
샤잠! 신들의 분노,"4DX SCREEN으로 관람했는데, 기대보다 재미있었습니다. CG도 괜찮았고 액션도 빠르고 통쾌했어요. 코믹하게 잘 봤어요~",8
스즈메의 문단속,"[ 지극히 개인적 평가입니다. ]이런거 진짜 안다는데 비추합니다. 원래부터 일본 애니매이션을 좋아하시는 분 아니면 그냥 다른거 보시는게 낫다고 봅니다. 클리셰 200프로, 신파200프로. 관객은 하나도 공감이 안되는데 주인공은 계속 제 감정에 벅차합니다. 그걸 보는 나는 갑갑합니다. 줄거리는 기대가 안되고, 뭔가 그림체로 감동을 주기에도 역부족입니다. 그렇다고 연기수준이 아주 높으냐? 그것도 저는 모르겠습니다. 상영시간 내내 몰입해서 보려고 노력해봤으나 그게 안돼서 더 고통스러웠습니다.   나오면서 화가난 영화.  비추합니다",1
스즈메의 문단속,명작이 계속 쏟아져 나오는 마코토!,8
올빼미,"초반은 지루, 중반은 졸잼, 후반은 쏘쏘",8
월스트리트: 분노의 복수,액션만 화려함,1
소울메이트,역시 김다미는 특별출연할때가 더욱 빛난다.마녀 파트2처럼...이태원 클라스,7
어떤 영웅,이란?여성의 신체 노출을 막겠답시고 여가수의 뮤직비디오나 음반 자켓에 나오는 여성의 사진까지 날리면(?)노스코리아의 동맹 그 나라가 아닌가?아니 날리면이 아니라 바이든인가?(웃음),8
샤잠! 신들의 분노,유쾌하게 재미남. 어른이 된 아이들이 주인공이다 보니 약간 유치한 부분이 있을수 있지만 그래도 재밌음요 ㅋ 나중에 블랙아담이 합류하게 되면 더 좋을거 같아요. ,10
소울메이트,무난한 리메이크,6
뜨거운 피,포스터나 이름이 경관의 피랑 매우흡사해요…,6
아임 히어로 더 파이널,"팬은 아니지만, 궁금해서 혼자 관람했는데요~ 노래 정말 좋더라구요. 스크린엑스로 관람했는데, 영상미도 정말 좋았구요! 함께 관람한 팬분들 상영관에 정말 많았습니다. 공연장 와있는줄 알았어요. 잘 봤어요!",10
테넷,이해하지말고 느끼라고? 뭘알아야 느끼지 너는 양자역학 설명하면 이해는 못해도 뭔가가 느껴짐? 놀란 영화 빠는애들 보면 꼭 현대미술전시회 백지그림 앞에서서 손으로 턱잡고 뭔가 심오하게 느끼는척 하는놈들같음,1
신의 한 수: 귀수편,졸작이구만 뭔 평점이 이리높냐? 알바쓰냐?,2
압꾸정,집에서 넷플로 아무 생각 없이 봤는데 나름 볼만하고만 악플 겁나 많네 ㅋㅋㅋ넷플에 며칠째 1위 하고 있는 이유도 있는거 아님? 잼없으면 순위에서 벌써 사라졌을텐데~,8
쏘우 2,반전에 치중하느라 조악함이 보이는,7
외계+인 1부,취향저격 2부 빨리보고싶당 잼있게봤고 편집도 좋고 나름 훌륭하다,10
소울메이트,"엄마,하은,미소,그림자, 모두 다정히 부를 수 있는 것들",8
소울메이트,김다미배우를 좋아해서 혼영하러갔는데 학생때와 어른일때의 연기변화가 정말 인상깊었습니다 현대사회를 잘반영한거같아 가슴이뭉클해졌구요 ,10
콜 제인,미국에서 임신중단이 불법이던 시절을 다룬 충격적인 실화인데 무겁고 진중한 주제에 비해 단순하게 접근한 연출이 아쉬움,6
연인,장쯔이가 이 영화에서 참 예뻤다. ,10
데시벨,어쩔수 없는 상황이었는데 이종석이 저러는 이유를 모르겠음. 공감안가는 스토리. 그래서 망한듯,5
그린랜드,결말이 조금 아쉽지만 심장 쫄깃!!,7
소울메이트,"영화를 보니 트위터서 회자된 말이 생각났다, 이성이라 사랑이라 믿었고, 동성이라 우정으로만 생각한 감정들",7
먹고 기도하고 사랑하라,나를 찾아 떠나는 여행. 각 나라를 함께 여행하는 기분. 사랑을 통해 더 큰 균형을 맞출 수 있다는걸 알려준 영화 ,9
스즈메의 문단속,피곤한 상태에서 봤는데도 진짜 졸리지가 않고 재밌었어요! 살짝 쫄리고(?) 긴장되는 느낌도 들었고ㅋㅋㅋ 그리고 확실히 영상미랑 노래가 좋네요ㅎㅎ (도입이랑 도쿄 장면 소름),10
먹고 기도하고 사랑하라,같이 건너가자!!! 이 한마디가 모두 설명함.,10
스즈메의 문단속,재밌게 잘봤습니다. 완전히 이해는 못했지만,10
스즈메의 문단속,"진짜 일본 애니영화가 안타깝다고 생각함 ..내가 너무 지나치게 일본 영화등 볼 때 마다 부정적 인식이 있는거 같아.? 왠지 지진이 많이 일어나는 원인에는? 다 이유가 있고 , 관광객 목적 식으로 제작 한 느낌이었고 ,? 여주가 호탕한 성격 보기보다 좋았지만 상황에 맞지 않는 행동들이 많았다고 생각함. . 그리고 일본인들은 착하다? 만나는 사람마다 친절 하다는거 강조하는 느낌이 어쩔수 없이 받음. (실제 일본가면 절대 남 쉽게 도와주지 않음.. 일본인들에 문화임 아는 분도 있을거임.. 실제 일본 3번 여행갈때도 그랬음) 그리고 아무런 대가 없이 건네는 다정이 아니라 호의를 베풀 만큼 일해야 한다는 것도 ...? 스토리가 결국 무엇을 의도했는지? 스토리 절반이 문 닫고 기차타고 차타고? 배경만? 감상했음?감상평 사운드 트랙 ☆☆☆☆ 스토리 ☆☆☆ 인물 ☆☆총평 : 별 3개 반",2
크리드 3,"가족과의 애틋한 모습에 울컥하고, 물러설 수 없는 두 파이터의 격돌이 백미! ",10
방법: 재차의,드라마부터 정주정하고가요 아무생각없이 재밌게 봤어요,9
소울메이트,서로의 존재를 ’부재‘라는 체로 걸렀을 때 남는 애틋함은 얼마나 직접적이고도 위태롭나. 우정과 사랑같은 단어로 딱 잘라지는 관계는 세상에 없다. 원작보다 부드럽고 푸릇함이 있다.,10
이니셰린의 밴시,친구 사이의 유치한 다툼 만큼이나 무의미한 상처를 입힌 아일랜드 내전을 뛰어난 알레고리로 풀어 낸다,10
다이 하드,오늘날의 슈퍼히어로 영화들보다도 훨씬 낫다,9
비스트,평점을 남길 가치도 없는 영화. 그럼에도 혹시 모를 이들의 시간을 아끼기 위해 나의 시간을 희생하면서까지 글을 남긴다… 보지마라 킬링 타임이 아니라 인생 낭비가 될것이다. 진짜 마지막에 선택한 최선의 방법이라는게 사자랑 1:1 맞다이 뜨는거라니 하… 어떻게 이딴 영화를 만들 생각을 했는지 영화사 제작사 스텝들 더 나아가서는 배우들까지 아무리 생각해도 이해가 안간다.,1
주(咒),"공포영화 특유의 쫄깃한 긴장감을 만들어주는 데는 성공적인 영화. 반면, 공포 요소가 인간/귀신/악신 뭐 하나에도 중심을 잡지 못하고 그냥 마구 섞어 만든 점이나 납득가지 않는 행동 등 떨어지는 개연성 및 시간대 전환 구성이 매끄럽지 못해 몰입도가 떨어진다는 점 등이 아쉬움",5
스즈메의 문단속,하늘과 물의 표현이 특히 마음에 들었다. 상당히 아름다운 시간이였다.,10
소울메이트,"원작대로 스토리 잘 풀어내서 좋았음 근데 제주풍경 때문인지, 2000년대를 추억하게 하는 연출 때문인지 몰라도 딴 영화같았음 여주 둘의 연기가 다 하지 않았나 싶다 시간이 흐르면서 미묘하게 달라진 눈빛들이 자꾸 울컥하게 함",10
살수,아쉽네요 좀더 잘다듬으면 잘될 영화 될것같은데..,6
아임 히어로 더 파이널,즐거운 공연이었어요,8
서치 2,주인공 연령이 낮아지니 전편보다 확실히 빠른 전개로 지루할 틈이 없었다. 최근 본 영화중에 제일 볼만했음.,8
더 퍼스트 슬램덩크,와.. 그냥 말에 필요 없고요.. 네.. 사랑해요,10
스즈메의 문단속,여태까지 본 영화중에 거의 가장 재미있었습니다. 영화가 끝나고도 여운이 계속 남아 한참 동안 멍때리고 있었어요 ㅎㅎ 정말 스토리가 너무 재미있고 신비로워요. ,10
천장지구,"유덕화 넘 멋있고, 마지막 달리고 달릴때 OST는 최고다. 몇번을봐도 첨부터 끝까지 한장면도 지루한곳이 없다. 유덕화 눈빛과 외모에 넋을 잃고 보게된다",10
소울메이트,슬픈 장면이 없는데 왜 내 눈에서 눈물..? 그냥 영화를 보면 눈물이 흐른다,10
스즈메의 문단속,정말 세세한 연출과 음악의 느낌들이 장면과 이야기들이 느낌있게 다가오고 폐허에서의 기억들이 들려오는 포인트도 감동이네요 ~,10
극장판 검정고무신 : 즐거운 나의 집,무슨 허락도 안받고 만드냐 이 쓰레기영화 줘도 안봄 이우영 작가님 심정은 생각 안하시나,1
대외비,흠~ 이렇게 끝나는게 현실이 이렇다고 보여줄라고 그런건가,6
대외비,뻔한스토리에 배우들의 연기때문에 그나마 살은영화,6
샤잠!,애들용 치고는 너무 성인 클럽 나오고 자극적이며 슈퍼 빌런이 자기 가족을 잔인하게 죽여대서 이것 저것도 아닌 애매한 영화 ,4
독전,명작은 아닌데 세 번 보게 됨 지루하지 않고 볼만함,8
스즈메의 문단속,초반에는 웃으면서 감상했으나 후반에는 감동적인 대사들과 연출로 인해 눈물을 참지 못하였습니다,9
두다다쿵: 후후섬의 비밀,아이들이 좋아해요^^,10
폴: 600미터,무뚝뚝한 내가 영화를 보다가 비명을 질렀기 때문에 10점을 안 줄 수 없습니다. ,10
TAR 타르,불필요한 대사는 없었고 모든 행위와 소품 연출 대사가 완벽하고 섬세하게 짜여진 영화이다. 한가지 행동에 얽힌 심리를 한 사람의 연기로 표현해내었다는 것이 정말 감동이다. 그 때문에 연기를 그리며 대본에 적었을 감독의 주석이 궁금하다.이 영화는 클래식 음악 영화도 아니고 클래식 업계의 지휘자 이야기도 아닌 그냥 모두가 가진 모순과 치유의 이야기를 타르라는 인물로 대변하여 관객에게 말한다. 우리는 타르를 비난할 만큼 자신을 비워내고 하나가 됐는가. 신의 개입과 영혼 치유를 주장하는 불완전한 인간이 동일한 인간에 대해 판단하는 모순을 말하는 지극히 현실적인 스크린 밖의 너와 나에 대해 말하는 영화라고 생각한다.,10
앤트맨과 와스프: 퀀텀매니아,마블 마블 마블...이젠 정말 가나?,5
타짜: 원 아이드 잭,와 최유화 연기;; 표정 모두 몰입방해나오는 영화마다 민폐인듯 데뷔 영화인줄 알았어요,8
스즈메의 문단속,호불호갈리긴해요 4명이서 보고2명이 좋아했어요 전 너무 재밌었어요..,10
플레인,뻔하지만 뻔해서 좋은 영화,7
샤잠! 신들의 분노,핵노잼 샤잠온다..ZZZ,1
대외비,아쉬움이 있지만 그래도 연기가 모두 훌륭해서 추천,8
압꾸정,와...결말뭐냐..원작 말아먹은 한국드라마같네,2
스즈메의 문단속,개연성이 아쉽다는 사람들이 많은데 유튜브로 설명 한번만 보면 모든 퍼즐이 짜 맞춰지는걸 알 수 있습니다. 상당히 재미있으니까 고민 말고 보세요!,10
스즈메의 문단속,재미있다기엔 아쉽지만 애니 팬들은 그림만으로도 즐거울듯,6
아임 히어로 더 파이널,"생생한 영상미, 탄탄한구성, 마음을 울리는 감동과 가창력이 돋보이는 영화입니다.",10
소울메이트,풋풋한 청춘의 아름답고 아린 이야기   뻔하지만 볼 만함,7
다만 악에서 구하소서,황정민은 칼에 수차례 찔려도 죽지를 않고 전력질주로 차를 따라잡고... 트렌스젠더는 쌩판 본적도 없는 애 구한다고 갱단에 들어가질않나... 수류탄 파편은 애가 갇혀있던 트렁크 가방도 뚫지를 못하네.. 중국산인가 . 시간아깝다,2
아마겟돈 타임,영화가 백인 소년 시점이라 와닿지 않는다,6
라붐,지나고 보면 그냥 웃음만 짓게 되는 꿈결 같은 이야기,8
극장판 검정고무신 : 즐거운 나의 집,진짜화나고 슬프다. 이거 만든 제작사 당신들도 검정고무신에 추억이 있었을 거 아니냐. 그런 추억을 준 원작자의 인생을 파괴하면서까지 추악하게 돈을 벌고싶었냐. 그 결과 검정고무신을 사랑하던 많은 이들의 추억마저 얼룩지게 되었다.,1
압꾸정,처음리뷰해봄. 그냥 한국 코믹 영화 시시해도 그러려니 하는데. 이건 최악중에 악이다. 이렇게 만들고도 개봉을 할수가 있구나. 대단하다 진짜,1
스즈메의 문단속,누드씬 있음 강추. 누드씬 있음 강추.   누드씬 있음 강추.   누드씬 있음 강추.   ,10
소울메이트,"1998년, 처음 만났다. 2004년, 첫사랑이 생겼다. 2010년, 각자 어른이 되어간다. 2014년, 흔적을 따라간다.",10
대외비,죄송해요... 근데 너무 뻔하고 쓸데없이 폭력적인 영화였습니다.,1
똑똑똑,탁월한 연출력이 있지만 알맹이가 없는...?,6
샤잠! 신들의 분노,"돈 많이 처바른 파워레인저라고 생각하면 편하다. 정신연령을 한껏 낮춘 채 보면 청소년 드라마스런 가벼운 유머들이 나름의 즐거움을 주는 영화다. 마블의 &amp;#39;닥터스트레인저&amp;#39;에서나 볼 법한 공간 조작, 해체, 재배열 장면들의 CG가 상당히 멋졌고 나무비늘로 뒤덮인 드래곤도 꽤나 위압감을 주었다. 온갖 잡귀들의 모습들도 그럴싸했고. 게다가 4DX와 SCREENX의 효과에 상당히 공을 들여 놓아서 4DXSCREEN관에서의 즐길거리도 대단했다. 예전 원더우먼2 때도 그렇고 DC 영화들이 SCREENX와의 궁합이 상당히 좋은 것 같다. 짜투리 영상을 남들보다 협조적으로 제공하는지 뒷사정은 모르겠지만.",7
소울메이트,이런 친구 한 명 사귀고싶다.,10
더 메뉴,남는 건 치즈버거다,6
앤트맨과 와스프: 퀀텀매니아,재밌게봤지만 아쉬운부분도 커요,10
소울메이트,두 주인공과 인생을 같이 살아가는 느낌이였어요..연기가 너무 좋아서 감정이입도 잘됐고 무엇보다 두 친구의 뗄래아 뗄수없는 아름다운 사이가 너무 좋으면서 불안했어요…후반으로 갈수록 정말 마음이 너무 먹먹하더라구요…,10
대외비,흥미진진하면서 스릴넘치는 영화,10
샤잠! 신들의 분노,이제 마블이고 DC고 &amp;#39;히어로&amp;#39;장르 영화의 유행은 끝난 것 같다.,3
스즈메의 문단속,영상미와 판타지는 아름답다,7
TAR 타르,케이트 블란쳇의 연기 말고는 영화가 평범했다,6
에브리씽 에브리웨어 올 앳 원스+,"최근 본 영화 중, 아니 지금껏 본 영화 중에서도 손꼽힐 만큼 재미있게 봤어요ㅠㅠ 저도 다른 부분보다 돌멩이 나올 때 울었는데 다른 분 감상평 보니 같은 사람이 있네요. 갑자기 모든 사운드가 사라지고 글을 읽는데 눈물이 흐르더라구요.. 완성도 높은 작품인 것 같아요",9
타이타닉,봐도봐도 재밌고 긴 영화임에도 시간가는 줄 모르고 보게 된다 여러 감정이 교차되는 명작,10
에브리씽 에브리웨어 올 앳 원스+,영화관에서 두 번 봤어요..!!,10
소울메이트,김다미와 전소니의 연기케미가 탄탄하다,8
이마 베프,장만옥이 남았다 그거면 됐다,6
스즈메의 문단속,애니지만 진짜 잘 만듦,9
스즈메의 문단속,개연성이 많이 아쉬웠다,6
스즈메의 문단속,호불호 많이 갈린다 해서 걱정했는데 작화는 물론이고 OST가 개쩔어요 영화보면서 이렇게까지 울어본 적은 처음입니다... 개인적으로 너의 이름은만큼 좋았어요!영화관에서 무조건 보시길 추천합니다.저는 4dX나오면 한번 더 보려고 합니다!,10
올빼미,제목 정말 잘 지었다 특정장면 연출이 기억에 남는다,7
맨 오브 오너,나쁘지않음. 재미씀. 재밋다기 보다는 아마 무기력한 인간들이 보면 작게나마 변했으연 하는 진실한  무비..흑형남주의 엄청난 집중력. ,8
금의위: 14검의 비밀,코미디 영화쥬?ㅋㅋㅋㅋ웃겨서 6점!!,6
이니셰린의 밴시,이상한 사람들의 이상한 우정.,7
압꾸정,진짜 이런 역대급 쓰레기영화는 처음본다 영화라고 표현하기도 아깝다 그냥 개쓰레기다 진짜 와 정경호 갠적으로 팬인데 작품고르는 수준이 이렇게 낮다니 뇌가 있다면 이런건 안골라야지 ..,1
스즈메의 문단속,추임새가 너무 많음대화보다 추임새가 더 많은듯,4
아바타: 물의 길,ost랑 스토리 아쉽다.. 3를 위한 발판이라 생각하면 넘길 수 있는 아쉬움.. 영상미는 명불허전 극장에서 봐야한다,8
스즈메의 문단속,영상미는 전작에서 지속적으로 보여줬던대로 정말 끝내주게 아름다웠습니다. 다만 너의 이름은을 10번 가까이 봤던 사람으로써ㅜ 이번건 많이 실망이네요...ㅜ 전반적으로 너의 이름은을 그대로 갖다붙인듯한 연출...띠용스러운 개연성... 너의 이름은이 너무 히트쳐서 그걸 넘어서는 상상력은 없었던걸까 싶었음ㅠ ,4
카피캣,"나름 긴장감은 유지하고 있지만, 영화의 제목처럼 훨씬 더 잘 만든 스릴러의 모방 영화처럼 보인다.",5
루터: 태양의 몰락,다른 모든 걸 떠나서 개연성 어디감? 꾸역꾸역 참으면서 보다가 1시간 무렵에 모든 설정이 붕괴 되는 개판 개연성을 보고 그냥 10초씩 건너 뛰기 했다. 그리고 이거 일부러 흑인+여성 은 민폐 덩어리다를 말하려고 혐오주의자가 만든 영화임? 무려 넷플에서? 여기 등장 하는 무게감 있는 조연 흑인여성은ㅋㅋㅋㅋ 아니다 말을 말자. 혹여나 당신이 의사에게부터 살 날이 며칠 남지 않았다는 소리를 들었다면 절대 이 영화를 시청하지 마세요. 단 1초라도 이 영화 본다면 당신은 죽는 순간 그 1초를 가장 후회 할 겁니다. 하느님이 오늘밤 저에게 찾아와 한가지 소원을 빌라고 하며 저는 지체없이 ‘이거 안 본 눈 삽니다’ 라고 할 것 입니다. ,1
더 퍼스트 슬램덩크,"시리즈를 잘 모르는 관객들에게 잦은 플래시백은 극의 진행을 더디게 하지만, 예상외로 박진감 넘치는 농구 경기와 각각의 캐릭터들에게 개성과 드라마를 만든 것은 영화를 만족스럽게 해준다.",7
소울메이트,영상미가 좋았습니다 연기도 좋고 재밌어요,10
샤잠! 신들의 분노,샤잠샤잠샤잠샤잠샤잠,5
원더 우먼,예전 린다카터가 맡았던 원더우먼(미드)  훨  재미있다 ㅎ 영화는 별로다,6
애덤 프로젝트,특별한거 없는 판타지. 처음에는 도입부는 확 끌어당기는 내용이라 재밋었는데 3분의 1지점 거기까지만 볼만하고 그 뒤는 지루함 하품나옴 다봣는데 기억안남 ㅠㅠ,7
스즈메의 문단속,재밌어요,8
압꾸정,"너무 좋은 연기라인,, 연기가 고급이지만 너무 저렴해 보이는 영상미와 스토리 라인..무슨 약점 잡혀서 연기하게 됐나 싶은 저렴한 스토리에 참.. 2022년이 아니라 2002년 영화인줄 앎",4
서치 2,딱 집중시킨 다음 영화관 나설 때는 적당히 기분 좋아지는 영화,7
리플레이,"전형적인 로드 트립 형식인데, 아름다운 음악과 서로에게 의지와 치유를 한다는 내용은 만족스럽다.",6
소울메이트,님들 피같은 돈 아껴서 그냥 맛있는 거 사먹으세요.,4
루터: 태양의 몰락,어디서 많이 본듯한… 식상하네요 뭐 킬링타임용으로 나쁘진 않습니다. ,7
몰리스 게임,디즈니카지노가 이거 비스무리하게 카피한건가? ㅎ 머 걍 그냥그랫음. 도박비중이 없는 도박영화. 도신이 훨씬 재미따,6
캔디맨,기대보단 덜하지만.. 본 뒤 관련 정보를 찾아보시면 좋습니다,6
타이타닉,영화관에서 처음 보길 정말 잘했다 역시 명작은 다 이유가 있구나…,10
엔칸토: 마법의 세계,음악이 좋았고 영상미덕에 화면 보는 재미도 있었음,6
소울메이트,중반 이후부터 넌 나고 난 너야 이렇게 계속 말하는것 같았다…배우들 연기 너무 좋았고 개인적으로 계속 생각하게 만들어주는 영화가 좋은영화라고 생각하는데 내 기준엔 좋은 영화였다.,9
스즈메의 문단속,뒤로 갈수록 별로였고 반복되는 패턴이 지루함을 더했다..,5
스마트폰을 떨어뜨렸을 뿐인데,원작은 안봤는데 한국꺼는 진짜 너무 재미없도 신파에다가 말도안되는 억지스러움의 끝이엿다  이딴 쓰레기 영화는 도대체 왜만들고 배우들은 왜 고르는거야? 배우가 뇌가 없나?,1
미니언즈2,유치하지만 미니언은 귀여우니까,8
에브리씽 에브리웨어 올 앳 원스+,모두에게 다정하자 친절하자 사랑하자,8
콜 제인,"12,000명의 여성을 구한 실화, 세상을 바꾼 위대한 공조. 1968년 시카고. 임신으로 목숨이 위험해진 조이는 긴급 임신 중절 수술 위원회에 참석하지만 남성으로만 구성된 그곳에서 임신 당사자인 조이의 의사는 무시된다.",10
알라딘,인생영화.. ost도 한 장면도 놓치면 안됩니다,10
탑건: 매버릭,아주 잘 만든 상업영화 극장에서 봐야만 한다,8
소울메이트,나의 소울메이트가 생각나는 영화. 보면서 운 영화는 정말 오랜만이다. 분명 이게 뭐지? 싶은 장면들도 있었던 것 같은데… 그냥 좋아.,10
휴고,"어렸을 때 정말 좋아한 영화였는데, 다시 보니 감회가 새롭다. 모든 장면이 아름다운 명작!",10
플레인,비행기 날자... 비행기 떨어진다...,5
앤트맨과 와스프: 퀀텀매니아,이제 마블은 보내줘야하는가,4
더 퍼스트 슬램덩크,숨 죽이고 보게 됐어요!,8
상견니,드라마 팬들에게 선물 같은 영화 아쉬운 점들도 많았지만… 등장인물들을 다시 한번 봤다는 거에 만족,7
스즈메의 문단속,오늘 순대 먹엇는데 미미즈 같앳어요,10
스즈메의 문단속,영화 보는 내내 지루했습니다,1
소울메이트,"볼 만했어요. 연기, 연출 나쁘지 않았습니다. 다만 원작을 이미 봐서 그랬는지 큰 재미는 못 느꼈어요. ",6
스즈메의 문단속,연출이나 영상미는 좋았지만 스토리는 뻔한 느낌이였음,7
스즈메의 문단속,그냥 마음 편하게 재미있게 볼 수 있는 영화라고 생각해요 너무 생각이 많을수록 오히려 머리가 복잡해지지 않나 싶어요,8
스즈메의 문단속,"신카이 마코토 감독 정말 팬이라 너무 기대를 많이 했는지 조금은 실망스러웠습니다. 영상미는 정말 최고입니다. 하지만, 개연성이 이전작들에 비해서 많이 부족하다고 느꼈습니다. (특히 러브라인.) 다음엔 더 좋은 작품을 만나볼 수 있으면 좋겠네요.",8
스즈메의 문단속,재밌게 잘 봤습니다~ 간단한 이야기인데 러닝타임은 꽤 되네요.근데 지루하진 않아요,9
플레인,액션씬은 매우 흥미로웠으며 긴장감이 미쳤음. 초반에 흐름은 그닥...,7
소울메이트,시험 끝나면 각잡고 다시 봐야지,8
똑똑똑,그럭저럭,6
카운트,의미 있는 일을 해! 무겁지 않고 따수운 영화~ 영화에 나온 모든 인물을 응원하게 된다 적절한 유머코드도 재밌음,10
샤잠!,"솔로몬의 지혜, 헤라클레스의 힘, 아틀라스의 체력, 제우스의 권능, 아킬레스의 용기, 머큐리의 스피드까지 우연히 슈퍼 파워를 얻게 된 소년. 자신의 능력을 깨닫고 악당을 물리치는 슈퍼 히어로로 다시 태어난다!",10
스즈메의 문단속,소타상 소타상 소타상 소타상 소타상,10
"오늘 밤, 세계에서 이 사랑이 사라진다 해도",일본 특유의 감성이 돋보여서 좋다,10
비스트,처음부터 끝까지 매순간 순간이 말도 안되서 어이가 없다. 감독이 무슨 생각을 하고 찍었을까.,1
데시벨,이종석 굿 연기좋았어요,6
이니셰린의 밴시,손가락이 날아갔다. 잠기운이 날아갔다. 메시지도 날아갔다.,4
영웅,울엇습니다 나라를 지켜준 독립투사들 너무 감사합니다,10
더 퍼스트 슬램덩크,처음 볼 때는 누가 누구지 뭐지 허둥지둥 재밌었다! 했는데 원작을 알고 보니까 다섯 명 스케치부터 감동적이다,10
플레인,킬링타임용으로 볼만해요,6
영웅,감동 받았습니다.역사 잊지않겠습니다.감사합니다.0,10
앤트맨과 와스프: 퀀텀매니아,누느주ㅠㅋ,7
스즈메의 문단속,대박입니다 그냥 보세요,10
스즈메의 문단속,어린 시절 향수를 따라간 곳에는 어린 시절의 내가 있었다.,10
에브리씽 에브리웨어 올 앳 원스+,멀티버스는 이렇게 하는거다,10
플레인,그냥 최고입니다. 무조건 보세요,10
플레인,제라드버틀러는 액션씬 거의 없음 ㅋㅋ 특수군인들만 액션함...개지루...B급,5
스즈메의 문단속,자기가 싼똥 자기가 치운다는,5
다음 소희,"“들었으면서.,,”",10
사랑은 비를 타고,빗 속에서 춤 추게 만드는,9
스즈메의 문단속,스즈메 감정선과 행동이 이해안가는게 많았음 차라리 소타보다 엄마의 유품인 의자에 더 몰입했거나 요석뽑은걸로 죄책감이나 책임감을 느낀게 더 감정선이 이해가 잘됐을것 같다 뿐만아니라 전체적으로 개연성과 설명이 많이 부족하고 감독 전작들을 비롯해 좀 어디서 본것 같은것들이 많이 나왔다 그럼에도 영상미+ ost는 잘뽑음 ,6
에브리씽 에브리웨어 올 앳 원스,중반부까지는 뭔 이런 영화가 다 있지 했는데 후반부로 갈 수록 고조되는 감정선과 분위기가 정말 명품이었습니다,10
라스트 나잇 인 소호,극장에서 이런 장르를 보면 더 쫄리기 마련인데 너무 지루했다. 뒤로 갈수록 장면의 반복이라 이거 언제 끝나나 하는 생각 뿐. 앤야 테일러 조이는 빛났으나 스토리가 부실하다.,6
리틀 포레스트,재밌게 보았어요 ㅎㅎ 엄마도 좋아하심,10
스즈메의 문단속,여운 남아서 아직도 ost 듣는중,10
소울메이트,청춘들의 이야기가 마음아프고 와닿았음빛을 잘써서 영상미가 좋았음,10
앤트맨과 와스프: 퀀텀매니아,와칸다 포에버가 예상보다 잘 만들렀음. 날아다니는 슈트빼고. 이번 엔트맨 시리즈 영화는 캉 때문에 기댜했지만 캉 그닥 별루. 타노스보다 약해보임 . 머리 큰 악당에 새다리 캐릭터 나오는거 보고 완전 실망 ㅠ.,5
이상한 나라의 수학자,스토리가 아쉽지만 수학을 소재로 따뜻함을 표현한 점이 신선했다,6
압꾸정,넷플로 봐도 화남 ....ㅋ,2
연애 빠진 로맨스,소재를 다루는 방식에 있어서 여성 감독이 완급 조절을 잘 해냈다고 생각함 감정선도 큰 무리수 안 두고 괜찮았다,7
소울메이트,"이건 사랑이야. 이건 틀림없이 사랑이고 그런 너를, 미소는 잊지 않을 거야. ",10
스즈메의 문단속,너의 이름은을 뛰어넘는 작품은 아니지만 저는 만족했습니다. 돈이 아깝진 않았어요. 그리고 원래 잘우는편이긴한데.. 마지막 쯤에 펑펑 울었어요..,10
데시벨,"연기는 더할나위 없으나 연출이나 스토리는 부족합니다. 이종석의 분노를 더 잘 표현 시켰어야.. 데시벨의 이름값좀 할수 있게 관련 폭탄을 만들게 된 이유와 목적이 더 잘 들어나는 스토리 라인을 만들었다면 그렇게 흡인력 있게 가봤으면 어땠을까, 잔인 하긴 하겠지만 구조 장면과 마지막에 전우를 위해 바쳤을 목숨들을 더 타이트하게 표현 되었음 어땠을까 하는 아쉬움이 많이 남는 영화 였습니다.  그래도 잘보았습니다 ",8
더 퍼스트 슬램덩크,이게 무슨 만화고 농구야 인생이지.. ,10
레벤느망,지극히 현실적이고 안타까운 임신,7
스즈메의 문단속,규슈의 한적한 마을에 살고 있는 소녀 스즈메는 문을 찾아 여행 중인 청년 소타를 만난다. 그의 뒤를 쫓아 산속 폐허에서 발견한 낡은 문. 스즈메가 무언가에 이끌리듯 문을 열자 마을에 재난의 위기가 닥쳐오고 가문 대대로 문 너머의 재난을 봉인하는 소타를 도와 간신히 문을 닫는다.  수수께끼의 고양이 다이진이 나타나 소타를 의자로 바꿔 버리고 일본 각지의 폐허에 재난을 부르는 문이 열리기 시작하자 스즈메는 의자가 된 소타와 함께 재난을 막기 위한 여정에 나선다.,10
더 웨일,"마지막 장면, 마지막 연출이 잊혀지질 않는다.",10
유체이탈자,일행이 윤계상 팬이어서 봤는데 예상보다 괜찮았음. 코로x 상황 때문에 흥행은 좀 아쉽다.,7
해리 포터와 불사조 기사단,시리우스와 엄브릿지의 존재감,9
멍뭉이,영화라지만 현실감이 너무 없어 몰입이 안 됐습니다.,6
똑똑똑,자세한 비하인드적인 그들의 일에 대한 설명을 대변하는 영상을 보여주지않아서 실망이였지만 나름 좋은 스토리보드의 영화이였던건 사실임그러나 뭔가 좀 부족하다 ㅠ,7
영웅,절대 잊지 말아야하는  우리의 독립운동가 분들죽을때까지  감사하며   마음속깊이  담아두고 살아가겠습니다  대한독립만세,10
이별의 아침에 약속의 꽃을 장식하자,애니메이션 보다가 되게 서럽게 울었던 것은 처음..,10
루터: 태양의 몰락,보는 내내 암걸려 죽을뻔 나만 죽을수 없다 다같이 죽자 ,10
스즈메의 문단속,재밌는데 다들 왜 별로라하지??? 같은거 반복은 있지만 날씨의아이보다는 스토리도 있고 재밌음!! ost굿,10
카운트,"1988년 올림픽 금메달리스트지만 고등학교 선생인 박시헌.  우연히 참석한 대회에서 뛰어난 실력에도 불구하고 승부 조작으로 기권패를 당한 윤우를 알게 된 시헌은 복싱부를 만들기로 결심한다. 아내 일선의 열렬한 반대와, 교장의 끈질긴 만류도 무시한 채, 시헌은 독기만 남은 유망주 윤우와 영문도 모른 채 레이더망에 걸린 환주, 복안을 데리고 본격적인 훈련에 돌입하기 시작한다.",10
소울메이트,그냥... 계속 생각나서 평점 달아봐요 연기가 진짜 짱이고 ost도 알맞게 잘 넣은 거 같아요,10
플레인,킬링타임용으론 제격! ㅎㅎ,8
비스트,"흠. 오랜만에, 답답한 영화한편 봤네요.큰딸내미 차밖으로 갑자기 튀어나갈때, 노답.",2
아포칼립토,충격 그 자체.. 영화를 보면 신기한 체험을 한다. 나도 마야인이 되어 그 뜨거운 태양 아래 존재하게 된다. ,10
이니셰린의 밴시,큰일을 이루기 위해 반드시 작은일이 희생되어야만 하는가?,8
더 퍼스트 슬램덩크,하 기대를 너무많이한건가.. 대사 존나 오글거리고 송태섭 서사장면 나올때마다 존나 텐션떨어지고 졸리고 그냥 마지막 10분정도만 볼만함.. ㅡㅡ어차피 미국가면 드래프트도 안되고 지리그 전전하다 국내복귀하는 그런현실,6
더 웨일,272kg의 거구로 세상을 거부한 채 살아가는 대학 강사 찰리는 남은 시간이 얼마 없음을 느끼고 오랫동안 만나지 못한 10대 딸 엘리를 집으로 초대한다. 매일 자신을 찾아와 에세이 한 편을 완성하면 전 재산을 주겠다고 제안한다.,10
소울메이트,이렇게까지 순애일 줄이야..너무 좋다,8
아담스 패밀리 2,보다 착해진 아담스 패밀리,7
스즈메의 문단속,절세미남 소타를 구하러가는 스즈메 용사의 모험(+귀여운 고양이),7
장르만 로맨스,생소한 관계들도 모두 로맨스로,7
스즈메의 문단속,여주가 남주를 위해서 목숨을 바치려고 하는 부분이 공감이 안됨,4
존 윅,존윅의 장르는 예술 영화다.,10
소울메이트,잔잔하고 고요한 바다에 가끔씩 세게 몰아치는 파도같이 기억 속에 오랫동안 남을 영화.,10
비스트,무자식이 상팔자임을 새삼 일깨워주는 영화랄까,4
킬링 카인드: 킬러의 수제자,액션은 좋지만 스토리가 이상,5
소울메이트,연기가 너무 좋았어요. 진짜 친군줄,10
"귀멸의 칼날: 상현집결, 그리고 도공 마을로","2기 10,11화를 다시 큰 화면과 소리로 보니까 감회가 새로웠고, 상현집결을 4DX로 보니까 정신이 혼미해질 정도로 잘 만들었음. 재탕이다 뭐다라는 말은 많지만 3기 1화를 미리 영화관에서 볼 수 있다는 점에서 좋은 거 같음.",9
헤어질 결심,이게 평론가 평점이 왜높은거냐 개노잼이던데,2
마이 뉴욕 다이어리,뉴욕에 문학적 감성이 물씬,7
"나는 내일, 어제의 너와 만난다","흥미로운 아이디어, 진부함을 벗어나지 못한 스토리텔링.",6
소울메이트,연기가 좋아서 집중 할 수 있었습니다 ~ ,7
스즈메의 문단속,재미도 없고 감동만 줄려는거 같음,1
미져리,그 당시 &amp;#34;미져리 같은 놈&amp;#34; 이라는 욕이 있었지...,8
영웅,정말 좋네요 오랜만에 좋은영화봤어요,10
외계+인 1부,방금 봤는데 난 박진감 있고 재밌던데 영화평론가라는 인간들 혹평은 진짜 믿을게 못되네내가 SF를 좋아해서 그런가 왠만한 서양SF보다 재밌던데,9
퍼플 하트,아 진짜 너무 너무 재밌음 시즌2 존버한다,10
비바리움,"걍 허무..감동도,재미도,의미도,메세지도 아무것도 없는 최악의 영화",1
두개의 빛: 릴루미노,"2021년도에 아파 집에만 약 2달 동안 있었을 때 나를 걱정하시던 어머니가 갑자기 이 작품을 보자고 해서 함께 본 작품이었습니다. 이후로 가장 좋아하는 영화가 되어 힘들 때마다 다시 찾아보는데 평점이 아무것도 써져있지 않길래 속상해서 늦게나마 적습니다. 연출도 연기도 감히 제가 완벽하다고 말할 수 없을 정도로 뛰어난 명작입니다. 몰입도도 정말 높고 감정 표현은 물론,  내면의 연기도 표현할 수 없을 정도로 대단하십니다.한지민 배우님과 박형식 배우님, 두 분 다 연기를 많이 사랑하시는 게 느껴져서 러닝타임 내내 행복했습니다. 연기전공인 학생으로 많이 힘들었던 시기인데 제게 연기를 더 사랑하게 만들어준 영화입니다.",10
살수,클레멘타인에 버금가는 명작입니다. 한번 보고선 이해할 수 없어요~ 꼭 3번 이상 보셔야 합니다. 마지막 5분이 정말 잊지 못할거 같네요. 저와 같은 감동을 다들 느껴보셨으면 좋겠읍니다^^,10
플레인,킬링타임용으론 제격! ㅎㅎ,8
소울메이트,마치 내가 제주도 바다 앞에 있었던 것 같은 기억 조작,10
솔캠,다 연기 잘하는데 정장여자만 연기 졸 못함 ,10
미져리,진정한 사이코의 대명사. 지금 봐도 신선하네.,10
메이드 인 이태리,시각적인 편안함과 따뜻함이 곧 메시지인 듯,7
소울메이트,정말 오랜만에. 잔잔하고. 감동도 있었어요연기도 잘하고 재미있게 봤습니다,9
스즈메의 문단속,몬얘기지 나만이해못하는건가?! 영상미는 굿,1
터널,다필요 없고 마지막에 구출 후에 다 꺼져 개새끼들아 할때 너무 시원했다,10
똑똑똑,그냥 그렇습니다 ~ 반전이 없습니다요 ㅠ ,4
소울메이트,"사실 원작을 본 터라 별로 기대 안하고 오직 김다미 배우 팬심으로 보러 갔어요. 그런데 웬걸요! 원작을 볼 땐 별 감흥이 없었는데, 이 영화를 볼 땐 어찌나 울컥하고 아련하고 눈물이 나던지요. 이렇게 잘만든, 오히려 원작이 생각안 날 정도로 훌륭한 리메이크작은 처음입니다. 단순히 청량하고 밝고 유쾌한 스토리 전혀 아닙니다. 올해 최고의 한국 영화라 감히 자부합니다! 지인짜 잘 만들었어요~ 최고최고 따따봉",10
더 퍼스트 슬램덩크,"만화부터가 연출이 미친 만화고 그 작가님이 감독으로 들어간 영화라 연출은 두말할 것도 없다 러브로켓부터 블리자드 러너, 제제로감으로 이어지는 ost도 최고고 당연히... 마지막 5분은 미쳤음 7번봤는데 7번 다 숨 참음",10
다음 소희,꼭 보세요       힘내세요 젊은이들,10
소울메이트,잔잔한 물결에도 파도는 일렁인다.,6
스즈메의 문단속,꽤나재밌습니다. 아깝단생각은안드네요,8
라스트 나잇 인 소호,반짝이며 뒤집히는 호러 공간 속으로,7
스즈메의 문단속,진짜 개재밌습니다 꼭 보세요,10
스즈메의 문단속,개연성을 잘 따지는 편은 아닌데 이건 진짜 선을 넘었는데....그래도 작화는 좋음,3
마이 네임 이즈 벤데타,딸년 때문에 암걸리는줄 알아따 상식에 맞지않는 억지스러운 스토리 인간이 저 딸년처럼 행동하는건 불가능하다고 본다.너무 억지!,2
바빌론,호흡이 빨라서 3시간이지만 볼만했던 영화. 라라랜드의 다크한 버전인가 싶은 순간이 있지만 그게 다는 아님.,10
스마트폰을 떨어뜨렸을 뿐인데,개연성 파괴...시간이 넘쳐나는 분만 보세요,1
샤잠! 신들의 분노,진중한면이 없어 호불호가 갈릴거 같은데 전 웃으면서 재밌게 봤어요,9
소울메이트,두 배우가 잘 보여서 좋았습니다,5
아웃레이지,1편은 걸작이다. 시이나 깃페이 개멋짐,10
데시벨,끝까지 밀고가는 힘이라도 있었으면 좋았을텐데...부족한 스케일을 채우기엔 스토리도 아쉽다,6
똑똑똑,이번에는 말하고자 하는 바가 와닿지 않네요,3
스즈메의 문단속,영상미도 좋고 스토리도 좋았습니다,9
고스트버스터즈 라이즈,추억을 타고 붕붕,7
더 퍼스트 슬램덩크,이 영화보고 슬램덩크 정주행중...,10
스즈메의 문단속,재난의 희생자들을 기억하고 어루만지는 연출과 이야기. 그 간절함에서 오는 몰입감.,8
스즈메의 문단속,스토리 ost 영상미 다 최고다,10
압꾸정,재밋는데 왜 평점낮음? ㄷ ㄷ ,10
대외비,마무리가 아쉽긴했지만 재밌게 봤어요,7
그대 어이가리,너무 감명깊게 봤습니다.강추입니다,10
플레인,액션 치고는 잔잔하긴 하지만 제라드 버틀러의 연기를 보면 뭔가 모르게 몰입이 되는 경우가 많은 것 같다,8
스즈메의 문단속,개인적으로는 전작만큼 뭉클한 요소가 부족햇다고 생각하지만 충분히 만족햇어요. 마코토 감독님 첫 영화관 관람!,7
리슨,듣지 않는 절차에 대한 절박한 메시지,8
본즈 앤 올,볼만하고 재밌어요. 조금 무서워요.,9
소울메이트,어떤 사랑은 우정으로 오해받는다,7
스즈메의 문단속,일본 애니계에 새로운 문을 열어,7
압꾸정,좋아요.연기도내용도,10
스즈메의 문단속,신카이 마코토의 신은 神이다,10
더 메뉴,뭔가 알 거 같은데 모르겠다,6
똑똑똑,이게 끝이야?... 황당,6
서치 2,볼만하고 재밌습니다.,9
"귀멸의 칼날: 상현집결, 그리고 도공 마을로",볼만하고 재밌습니다.,8
스즈메의 문단속,얼빠 주인공의 행적이 공감이 안감,3
스즈메의 문단속,볼만하고 재밌습니다.,9
박열,"올해로 관동대진재 100주년 그리고 재일조선인 학살의 기억. &amp;lt;스즈메의 문단속&amp;gt;(2023)은 일제가 범한 당시 가해의 역사가 어떻게 신도(神道)라는 종교적 내러티브에 의해 미화되는지를 선명하게 보여준다. 이 영화와 이준익 감독의 &amp;lt;박열&amp;gt;(2017)을 교차시켜 보면, 여전히 왜곡된 일본의 문화적 기억은 명백하다. 이 영화는 영화이기 이전에 윤리적인 거짓이고, 한일의 기억전쟁은 현재진행형이다. ",10
어두워질 때까지,이 영화 개봉 당시 내가 초등학교 4학년 만 9세때다 .지금은 만 65세 노인이 됐다.소년이 노인이 되는 시간이 순간이것 같다.엊그제 같은데.,10
아멜리에,소심하고 집요하게 사랑스러운,8
샤잠! 신들의 분노,볼만한데 조금 아쉬워요.,8
위대한 쇼맨,진짜 이것만큼 노래좋고 스토리좋고 다좋은 영화보기힘듦,10
샤잠! 신들의 분노,온가족이 볼만한 반전영화!,8
스즈메의 문단속,"올해로 관동대진재 100주년 그리고 재일조선인 학살의 기억. &amp;lt;스즈메의 문단속&amp;gt;(2023)은 일제가 범한 당시 가해의 역사가 어떻게 신도(神道)라는 종교적 내러티브에 의해 미화되는지를 선명하게 보여준다. 이 영화와 이준익 감독의 &amp;lt;박열&amp;gt;(2017)을 교차시켜 보면, 여전히 왜곡된 일본의 문화적 기억은 명백하다. 이 영화는 영화이기 이전에 윤리적인 거짓이고, 한일의 기억전쟁은 현재진행형이다. ",1
스즈메의 문단속,신카이마코토 감독님의 감성을 좋아하고 음악도 좋고 작화는 개인적으로 애니메이션 중에 최고라고 생각해요,10
블랙폰,소년 소녀의 미숙한 순수함은 잔혹함과 공포를 무능한 어른들의 도움없이 침착하게 이겨내게한다. 섬뜩하면서도 기발하고 아름다운 느낌의 영화 ,8
킹스맨: 퍼스트 에이전트,역사적 배경이 더해진 킹스맨,7
스네이크 아이즈: 지.아이.조,졸작 중에 졸작이병헌이 훨 멋있음,1
샤잠! 신들의 분노,허무한 dc판 파워레인저,4
샤잠! 신들의 분노,허무한 dc판 파워레인저,4
대외비,재밌는데 평점 왜 이럼??,10
마루이 비디오,하하 이거 대체 뭔데 ㅋㅋㅋㅋ,2
플레인,기대 없이 봤는데 존잼 쿠폰받아서 본건데 만오처넌 다 주고 봤어도 후회없었을 영화,10
타이타닉,영화의 끝판왕,10
우리들,아이들 연기와 연출에 놀랍다.잔잔하지만 감동이 있고 공감이 있었다.또래의 아이들을 키우는 입장에서 아이들의 말에 더 관심을 기울여야겠다.,10
어떤 영웅,정직과 명예에  대한 복잡한 풍자,8
소울메이트,그들을 담아내기보다 &amp;#39;이건 이렇게 느껴야 해 &amp;#39;라는 정답을 전하는 느낌. 영화의 감성을 온전히 받아들이고 싶었지만 감성에 치우친 연출이 오히려 거부감을 주었다. ,6
스즈메의 문단속,역시 만화는 일본이다.. 얼마만의 돈 아깝지 않는 영화인가 또 볼 의향 있음,10
브로커,영화의 감동은 대사가 아니라 연기와 연출로 전해야 한다는 것을 찐하게 보여준다,10
소울메이트,어제 퇴근해서 집에 왔는데 아내가 소울메이트 오늘 개봉했다며 밤10:05 CGV용인 가서 영화를 보자고 했다. 약간 졸립고 피곤한 몸을 이끌고 아아를 한잔 시켜 상영관에 들어갔다. 컴포트관이어서 의자가 완전히 침대처럼 누워지는 것이다. 피곤한데 개꿀 잠이나 늘어지게 자야겠다며 있는데 영화가 시작되자 점점 의자를 세워야했다. 아내가 원작은 중국영화이고 주연 중국배우 모두 주연상을 탔다고 설명을 해주었다. 너무 감동적이어서 눈을 잠시도 뗄 수 없었고 주연배우들의 연기가 흠잡을데 없이 자연스러움. 감독의 연출력과 편집구성은 가히 완벽한 듯. 불필요하거나 지루한 장면이 없다. 주인공들은 진정한 소울메이트였다. 끝까지 스크린에서 눈을 떼지마시고 집중해서 보시길. 라스트 씬에 나오는 바이칼호 너무 멋져요~ 꼭 가보고 싶다. 소울메이트 강추에요. 누군가의 위로가 필요할때 마음이 걍팍해 졌을때 번아웃되어 에너지 충전이 필요하시다면 소울메이트 꼭 챙겨보세요.포스트 코로나 시대에 청량한 사이다 같은 영화가 나왔네요^^,10
라일 라일 크로커다일,뻔한 내용이어도 귀여운 악어의 노래는 신선,7
애프터썬,"소피, 정말 사랑해. 그건 절대 잊지 마.",9
소울메이트,우리는 동성이기에 우정이라 여겼고 이성이기에 사랑이라고 착각하는 순간들을 살아간다는 말에 그렇게 마음 저렸는데 정말 누군가가 떠오르는 영화였어요 우정과 연애 중 선택이 불가할 때도 있는 거구나 그런 관계도 사랑도 있는 거구나 사랑이 우정을 닮은 건지 우정이 사랑을 닮은 건지 여전히 알 수 없지만 우정도 사랑의 일종이라고 생각하는데 그러기엔 제가 눈에 담고 귀로 들었던 마음의 농도가 상당해서 사랑이라고 밖엔 할 수 없는 거 같은데 하 너무 재밌어요 다들 꼭 보십셔 일말의 후회도 없어요 지루한가 싶으실 수도 있는데 그런 거 없구 꼭꼭 봐주세요 참고로 원작도 같은 듯 다른 듯 엄청나니까 보는 게 탁월한 선택일 거라고 장담할게요 ,10
어쩌면 우린 헤어졌는지 모른다,정팔아 너 나온다해서 일부러 봤는데 솔직히 좀 노잼이다. ,4
자백,빈틈이 간간이 있지만 스토리에 끌려가게 된다,7
디바이드,밀폐된 공간에서 계속 있으면 정신이 미쳐버리는 것은 한순간. 나 자신만 챙기면 돼.,2
멋진 세계,사는게 힘들죠? 사는게 힘든 겁니다.,9
살수,&amp;#39;클레멘타인&amp;#39;과 &amp;#39;성냥팔이소녀의재림&amp;#39;을 잇는 한국영화 희대의 명작임. 꼭 보시오. 두번 보시오.,10
블랙 아담,히어로물의 뻔한 부분이 있지만 그럼에도 시원시원한 볼거리들,6
스즈메의 문단속,클리셰 범벅이라 너무 재밌었다,10
샤잠! 신들의 분노,손발이 오그라들어서 겨우 평점 남김,2
에브리씽 에브리웨어 올 앳 원스,"정신없는 영화~~재미도없고, 개연성도 떨어지고산만하기 그지없다",2
스즈메의 문단속,나도 애니메이션 속에서 살고싶다,10
늑대사냥,잔인한 연출에 올인,4
앵커,배우들이 너무 아까워요.. 아깝습니다. 대본부터 연출 등등 이렇게 지루하게 끌고 가서 진부하게 클라이맥스를 찍고 내려올 수 있나 싶어요.. 내 두 시간 어떡해,1
올빼미,가설에 근거한 기발한 상상력이나 너무 과했다.,6
공조2: 인터내셔날,공조만의 재미가 또 한번,8
소울메이트,나도 누군가에게 보고만 있어도 눈물이 날 것 같은 그런 친구이고 싶다.,9
이니셰린의 밴시,"죽음의 그림자를 밟고서 삶의 의미를 쟁취하기 위해 몸부림치는 생의 덧없음이여. 염세주의와 인본주의의 교차점 어딘가에 잠잠히, 허나 꿋꿋이 서 있는 희비극. 각본과 캐릭터가 스크린 위에서 춤을 추는 것만 같다. ",8
놉,메시지를 한 번에 이해하긴 어렵지만 역시 연출에 감탄하게 되는,7
한산: 용의 출현,숨이 막히는 웅장함과 매서운 사운드의 울림,9
노무현입니다,노무현을 좋아하는 사람들이 볼 영화가 아니고 노무현을 싫어하는 사람들이 봐야 할 영화,10
스즈메의 문단속,"특별하게 일본 스타일 멋진 영상미를 즐기는게 아니라면 스토리는 노잼이었음,, 개연성도 부족하고 주인공 그냥 핵얼빠....",4
데시벨,그사람많은 장소들에 팀도아닌 1인 테러범이 폭탄을 설치하고 전화를하고 납치도 하고ㅋㅋㅋ 영화로 볼려고해도 집중안됨.. 수영장에 폭탄설치만해도 어찌한거임?? 물속에 들어가서 해야되는뎈ㅋ 대체언제가서 함 뭔가 질질 끌지않고 흐름은 긴장감이 있긴했음 배우들 연기도 굿... 잠수함에서의 사건도 찡하고 좋은 설정이었는데 이종석이 혼자 너무 슈퍼맨테러범인듯.... 이해안가서 주변에 추천은 안하고싶은 영화,4
시맨틱 에러: 더 무비,영화로는 다소 긴 감이 있지만 연결은 잘 된둡,7
빛과 철,21.02.20.가는 자보다 남겨진 자가 이별의 끈을 놓지 못해 우네.,7
외계+인 1부,갈 수록 정돈되지만 어지럽다.,5
스즈메의 문단속,재미와 감동이 있네요ㅎ,9
속닥속닥,21.02.16.비주얼이라도 잘 뽑는 게 그리 어렵나.,3
헌트,속도감 있는 추적과 지극히 한국적인 이야기,7
이별의 아침에 약속의 꽃을 장식하자,21.02.14.이렇게 많이 울어버릴 줄이야.,8
에브리씽 에브리웨어 올 앳 원스,멀티버스와 가족의 사랑을 특이하게 다룬 영화,6
스마트폰을 떨어뜨렸을 뿐인데,억지스럽다.재미없다고요.,2
교섭,잠자는게 제일 재밌고 행복했네요 오랜만에 꿀잠 잤습니다,10
스즈메의 문단속,오랜만에 재미있는 일본 애니를 보았습니다.,9
스즈메의 문단속,"연출과 영상미만 10점, 개연성은 0점",10
샤잠! 신들의 분노,샤잠! 팬들의 분노..,1
비상선언,"사회 비판적 메시지와 기내 연출, 배우 연기가 모두 튀어서 혼란스럽다",6
그대 어이가리,동반자살장려영화그리고 여긴 경칠이 없습니까?남편이 아내를 죽였는데 안잡혀요?,2
스즈메의 문단속,작화가 예쁘고 영상미가 좋아 만족스러웠습니다.,9
태극기 휘날리며,"적당한 신파와 엄청난 연기, 스토리에 20년이 지나도 아직도 기억나는 OST까지, 국내 영화 탑 중 하나라고 생각드는 대작..",10
3:10 투 유마,물러서지 않고 끝까지 싸운 자에게 경의를 표함,10
데시벨,태극기휘날리며 아마겟돈을 간 영화..,4
플레인,역시 제라드 버틀러 주연 영화는 기본 한방이 있다.,10
스즈메의 문단속,진짜 개꿀잼 너의 이름은 보다 훨씬 꿀잼,10
스즈메의 문단속,감동은 예상되는데 영상미는 좋아요,6
소울메이트,가볍게 보러 갔는데 인생영화 추가됨 이런 영화일줄은 몰랐지..,10
스즈메의 문단속,기대했던 것보다 지루함..,8
유령,하앍 존나재밋다!!!,10
더 퍼스트 슬램덩크,기대 이상임. 만화 예상하고 봤는데 재미 있네요,9
스즈메의 문단속,기대한것보다 너무 재밌었어요 긴장감을 놓칠수가 없었네요 . 사랑에 빠지고 오그라들고 이런 포인트가 있었지만 상상도 못함 포인트가 더 많아서 좋았습니더,9
스즈메의 문단속,ㄹㅇ 꿀잼 소름돋았습니다,10
소울메이트,한걸음 뒤에서 너에게 보내는 응원,9
교섭,그냥 뻔한스토리에 결말인데무난하게 볼만함,6
압꾸정,재밌어요 킬링타임으로 굿,10
올빼미,와 타짜3에 준이엄마를 보게될줄이야,10
스즈메의 문단속,영상미 좋았고 문열때마다 ost 음악 좋아요 소타??스즈메,8
살수,멋지네요 최고입니다 응원합니다,10
샤잠! 신들의 분노,화장실 개그 좋음,7
플레인,킬링타임용으로 볼만함,7
소울메이트,김다미 연기 좋았다,7
스즈메의 문단속,"감독이 이제껏 만든 애니 중에 최악임...진짜 몇번이나 나갈려다가 참았는데 다 보고 너무 후회됐다. 나갈걸. 내용 개연성도 별로고 흐름 끊어 먹고, 스즈메도 이해 안되고 정말 진부하다는 느낌. 이 감독 전엔 좋았었는데.. 실망스럽다. 매우.",2
스즈메의 문단속,스토리는 졸렸지만 영상미와 사운드에 놀랐음. 애니메이션이 이렇게 발전했나,6
샤잠! 신들의 분노,그냥.. 그랬음 쿠키영상이 젤 재밌음..,6
타오르는 여인의 초상,모든 것이 좋았다! 장면마다 명화를 감상하는 느낌이 든다.,10
샤잠! 신들의 분노,샤잠2 잘 봤어요~,8
형,조아요 슬퍼요ㅠ 울음....,10
이니셰린의 밴시,뭘 얘기하고 싶은지 모르겠어서 너무 슬프다 말 안 들어처먹는 주인공 욕하면 되나?,5
소울메이트,소울메이트 좋았어요~,9
스즈메의 문단속,재미있게 봤어요,10
데시벨,영화 소재는 나쁘지 않으나 개연성 때문에 몰입도가 너무 떨어지네요...;;,4
"귀멸의 칼날: 상현집결, 그리고 도공 마을로",잘봤어요,8
대외비,잘봤어요,8
아임 히어로 더 파이널,잘봤어요,10
다음 소희,다음 소희 잘 봤습니다,9
샤잠!,DC는 끝났다.샤 : 샤악잠 : 잠온다,1
미져리,고유명사를 탄생시킨 레전드 스릴러 영화! 광기의 그녀가 선사하는 몰입도 100% 공포,10
스즈메의 문단속,진짜 너무너무 감동에 몰입할 수밖에 없는 음악과 영상미와 연출력... 시간이 훌쩍 지나 끝나는 게 아쉬웠던.. 또 보고 싶네요 다이진이 너무 귀엽고 ㅠ 맘 아프고 행복한 영화,10
앤트맨과 와스프: 퀀텀매니아,요즘 마블이 나올때마다 이번에는 성공하겠지란 생각을 계속했는데 이젠 진짜 성공하기 힘들겠다 마블,6
스타워즈 에피소드 6 - 제다이의 귀환,살짝 아쉬운 면이 있어도 스타워즈니까 만족스럽다,8
소울메이트,미소야 하은아ㅠㅠㅠ 왜 이렇게 슬프니... 추억이란.. 정말 슬픈것 같아 ,10
소울메이트,짧은 인생 하고싶은거 하며 살자! 아둥바둥 살 필요 없어 . 방향만 잘잡고 살면된다. 느끼게해준 영화그걸 깨달았을 땐 이미 늦지 않기위해 난 지금부터 하고싶은거 하련당,9
극장판 검정고무신 : 즐거운 나의 집,열받네 이거 정말 ㅡㅡ흐,1
3:10 투 유마,사람 거리낌 없이 막 죽이는 살인마 갱단 두목이 우연히 만난 댄한테 존나 감정이입해서 자기 갱단도 버려버리는 존나 황당한 영화. ,6
이 아이는 사악하다 , 사이코패스를 두둔하기 위해서 스토리에 드라마적인 요소를 끼워넣는 것이 너무 역겹다. 요즘 이런 영화가 너무 많다. 이 정도면 영화감독들이 다 사이코패스가 아닌가 싶다. ,1
스즈메의 문단속,신카미마코토 감독님의 재난영화 완결판답게 감동과 영상미에 울컥하기까지...,10
브로커,일본스러움과 한국스러움이 적절히 섞인 느낌...이런 장르를 좋아하지 않지만 예상외로 끝까지 관객을 밀고 가 주네요 ,8
탑건: 매버릭,무슨 포맷으로 봐도 재밌는 신기한 영화,10
전우치,2009년이면타이타닉 나오고10년 후 영화인데음향진짜 80년대 수준이고몰입갑 1도 없고그당시 아바타와 동급이라고주장하던희한한 인간 잘 살고 있냐?결국은 아바타는역사적으로 위대한 작품이 됐고피카소와 초딩작품 수준 차이도모르는 인간 판명 ㅋㅋ뭐 취향은 존중하지만,1
카페 벨에포크,말로 구구절절하기보다 혼자 오래 곱씹어보고 싶은 영화,10
더 퍼스트 슬램덩크,또 보고 싶어요 또 이제라도 영화관에서 봐서 다행이요,10
샤잠! 신들의 분노,악당이 너무 약해서 긴장감이 없음..영상미와 스케일은 좋으나 말장난 같은 대사는 전혀 코믹하지 않고 유치함,7
폭풍의 시간,오랜만에 잘만든 영화한편 봤네요. 과하거나 모자라지않으면서 너무 어렵지도 않게 스토리도 적절히 구성하고...집중해서 끝까지 본것도 오랜만입니다. 그리고 여주 너무 이쁨,10
샤잠! 신들의 분노,"무지개 맛을 봐라 , 어머니",8
소울메이트,미친 영화다 제발 보세요,10
스즈메의 문단속,너무 기대했습니다... 영상미는 좋았어요,4
스즈메의 문단속,"영화 시작 10분에 여주의 민폐짓으로 모든 사건이 시작되서 집중 안됌.. 걍.. 내내 니가 잘못해서 그런거자나.. 하면서 보게된.. 그냥 그 다이진, 고양이가 불쌍했다..ㅎ",8
소울메이트,원작과 김다미의 힘인가?  생각지도 않았는데  너무 재밌게 봤습니다.진짜 마음이 울컥 했습니다.,10
소울메이트,시간이 가는줄도 모르고 봤습니다. 따뜻한 영화 감사합니다,10
스즈메의 문단속,역시 후속작도 레전드다,10
살수,혹여나 이 영화를 끝까지 다 보신분이 계신다면 존경을 표하는 바입니다.,1
우리가 잃어버릴 청춘,"큰 기대는 금물...잔잔하나, 애잔하진 않네요",7
어쩌면 우린 헤어졌는지 모른다,이동휘의 맛깔나는 연기가 잘 스며든 영화,6
에브리씽 에브리웨어 올 앳 원스+,아카데미상 받은거라고 기대하고 봤는데 완전 병맛이자나. 아카데미가 돌았네. 누가봐도 B급영화. 솔직히 평점 10점짜리 알바들 맞지?,1
샤잠! 신들의 분노,벌써 8점이면 얼마나 내려갈라나~,1
스즈메의 문단속,"원래 일본 애니 영화는 영상미는 좋아도 개연성이 정말 아쉬워서 마음에 드는 작품을 찾기 어려웠는데, 오랜만에 흡입력이 대단한 영화를 만난 것 같아요!영상미는 물론이고 색체, ost와 개연성, 스토리까지 완벽했고, 일상의 소중함과 삶의 소중함을 일깨워 주는 소중한 영화입니다!! 이 영화를 보고 살고 싶다는 기분을 처음으로 느꼈어요. 힘들게 삶을 연장하고 계시는 여러분도 이 영화를 통해 삶의 의지를 되찾으실 수 있으시면 좋겠네요:)",10
플레인,재미있어요재미있어요,8
소울메이트,재미있어요재미있어요,8
소울메이트,여운이 남는 영화입니다,10
스즈메의 문단속,별로 기대 안하고 봤는데 넘 재밌었음,10
"귀멸의 칼날: 상현집결, 그리고 도공 마을로",내가 영화를 보는건지 귀칼 노래들으러온건지 돈아까웟다,2
영웅,노래와 연기가 너무 멋지고 영화가 끝난 후 먹먹함과 여운이 남는 영화,10
로건 럭키,재미 없는 영화. &amp;#39;관객이 무엇을 원하는지 일부로 모르는 척하는건가?&amp;#39; 싶을정도...,5
스즈메의 문단속,"이시대 최고의 작품.고양이 특유의 종잡을 수 없는 성격을 잘 표현했고, 과거의 아픔을 갖고 삶에 대한 회의감으로악몽을 반복하며 고통스러운 삶을 살고있는,삶과 죽음이란  ‘운’과 같이 인간의 힘으로는 어찌 할수 없다는 허무한 현실에 회의를 느끼는 주인공 어쩌면 죽음의 ‘저세상’을 갈망하는 스즈메(음), 타인을 위해 묵묵히 위대한 일을 하면서 인생을 보내고있는 쇼타(양)그 음양의 조화를 빗대어아름답게 잘 풀었다.이를테면 다이진,사이디진 변신 형태와 색상 변화에도 나타남.영상미와 연출 퀄리티는 단연 최고이며,배경 소리 이펙트에 상당히 신경쓴것 또한긴장감과 집중력을 한껏 극대화했다.아는만큼 보인다고, 아무 생각없는 사람들은개연성을 운운하며 이해하기 쉽지 않을텐데감독의 ‘불친절함’으로 설명이 가능하다.일본에서 일어난 실제 재해를 모티브도 했는데타국가 관객들은 사전 정보가 적고,일본 토속신앙등 문화적 차이 극복을 위해서조금 더 친절한 진행이되었다면 완벽했을듯하지만 이미 대단한 작품임에는 틀림없다.신카이마코토는 현시대 최고의 예술가다. ",10
스즈메의 문단속,마지막에 존나 울었다. ,10
살수,와... 우와!!! 킹받아!!!! 나만 당할수 없다,10
소울메이트,세상엔 무지 다양한 형태의 사랑이 존재한다이 영화를 보면서 사랑에 대해 곱씹게 된 거 같다사랑은 너무 추상적이지만 미소와 하은이의 사랑은 눈에 보이는 거 같다보길 정말 잘했다,10
카운트,연기들도 다 좋고 배경음악이 넘 신나요 더 잘됐으면 좋겠다!,10
그대 어이가리,"이젠 치매는 개인, 가족의 문제가 아니라 사회 전체가 고민해야 하는 문제다.",7
샤잠! 신들의 분노,원보다 화려하게 돌아온 cg.,6
아임 히어로 더 파이널,부모님이 너무너무 좋아하십니다,10
아임 히어로 더 파이널,아임히어로 더 파이널 무한감동으로 봤어요 어쩜 말도 차분하게 잘하고 영화로 보는 앵콜콘서트 고척돔에 와있는 느낌 정말 대단한 임영웅 기회가 있다면 다시 또 보고싶네요 ,10
영웅,오이시쿠 나레 오이시쿠 나레 모에모에 뀽!?,10
업,어른이 되서 보니까 더 감동적인 영화,10
똑똑똑,나름 재밌게 보았음...,6
월-E,옛날에 봤지만 아직도 기억나는 영화,10
소울메이트,혼자 보러가서 엉엉울고왔는데도 여운이 남아요,10
에브리씽 에브리웨어 올 앳 원스+,신선해요 뭐야뭐야 하고 봤어요,10
스즈메의 문단속,주인공들 얼굴이 미쳤고 작화가 미쳤고 감독이 미쳤고 스토리가 신선해요 감동적임ㅎ,10
스즈메의 문단속,"최고 쩌러요,,,굿,,",10
콰이어트 플레이스 2,어디까지 억지부리나 보자 하고 끝까지 본 영화 역대급 노잼. 마지막 방송실에서 급해죽겠는데 시간 질질 끄는거보고 진짜...아..짜증,1
스즈메의 문단속,다녀오겠습니다다녀왔습니다,10
우리도 사랑일까,씁쓸하지만 여운이 남는 영화남편이 불쌍...,10
샤잠! 신들의 분노,청소년 히어로 영화ㅎㅎ 나름 괜찮음. 예전 마블 느낌나고 좋았음. 요즘 마블 보다 진짜 괜찮음. 무엇보다 pc질 없어서 쾌적함,8
샤잠! 신들의 분노,어차피 리부트할건데 의미가 있나싶고,4
플레인,무난한 킬림타임용 영화,6
소울메이트,"이름 이니셜 귀걸이 메모,,,+개봉일에 봤지만, 무대인사도 볼 겸 한 번 더 관람하려구용!!!인생영화 등극",10
스즈메의 문단속,ㄱ대이하 너뮤 별로 ㅠㅠㅜㅜ,2
스즈메의 문단속,"역시 전 작품들과 마찬가지로 청각적, 시각적 즐거움은 100% 만족함. 하지만 스즈메가 한 눈에 반해서 큰 희생을 치를 정도로 둘 사이의 서사, 케미가 있진 않았어서 조금 아쉬웠음. 그리고 아무래도 재난을 소재로 했기에 영화관에서 봐야 확실히 더 몰입감 있을듯 ",9
바빌론,화려한 영상미 영화 공부하는 사람이라면 추천,10
뜨거운 피,무언가 있을듯 하며 없는 스토리로 배우들의 연기력만 볼만한..,5
소울메이트,미소의 감정과 행동은 이해가 갔는데..전소니 변우석 사이는 도무지 이해불가..그리고 결말이 너무 대책없이 이상함,5
스즈메의 문단속,후반 클라이막스 장면에 울었어요 ㅠㅠㅠㅠ,10
킹덤,켄토와 료가 잘생겼다 .... 그래서 재밌다!,8
헤어질 결심,"사랑은 둘의 선택, 헤어지는 건 한 명의 선택",7
스즈메의 문단속,내용이 알차서 재밌고 깔 포인트 제로 꼭 보셈 안보면 손해 본 사람 성공임 영화관으로 달려!,10
스즈메의 문단속,신카이 마코토의 작품에는 늘 첫사랑이 깔려있는것같아요...스즈메 에겐 소타가 첫사랑 이였을수도...흥미진진하고 너무 재미있었습니다.흰색귀여운 고양이도 결국엔 스즈메의 길을 갈수있게 도와준거자나요,10
"귀멸의 칼날: 상현집결, 그리고 도공 마을로","여기에 악평올리는 놈들 말 믿지마라. 4DX로 직접보고 왔다. 초반에는 1기 설명 잠간 해주고 무한열차까지 OST영상보여주고 2기 유곽편 10화, 11화를 보여 주면서 3기로 넘어가기 전에 이해를 돕게 해준다. 내가 집에 있는 프로젝터로 100인치 화면으로 확대해서 보는데 가정용보다 확실히 선명하고 화면이 더 넓어서 보는 맛이 좋았다. 유곽편 끝나고 상현집결 보여주는데 넓은  화면의 극장인데도 그래픽 쩔었다. 마지막 도공마을편은 앞으로의 전개를  이해하는데 도움이 되었다.그리고 4DX가 엄청 좋은 건 아니지만 액션장면에서 의자가 흔들린다거나 탄지로가 물의 호흡할때 물을 뿌려주고 화염이 일때 따땃하게 히터를 틀어주고 바람불때 바람보내주고 눈내리는 장면때 진짜 눈처럼 하얀 거 뿌려줘서 조금이나마 현실감이 들도록 만들어 줘서 좋았다. 한가지 백미는 여자 주의 목욕신... 글래머 캐릭터가 소중이만 가리고 온천하는 장면에서 잠간 심쿵했었다. 옥의티가 있다면 3기 OST가 개떡같았다는 거...  2D로 보지말고 4DX로 봐라!!!",10
더 웨일,아니 배우 하나로 이런 미친 영화가 가능한가? 피자 먹방으로 울리는 명연기 정말좋은 영화임,10
샤잠! 신들의 분노,"하 코, 눈 , 귀가 막히네 잼 없어서 잠도 안옴  이건 뭐 후레쉬맨한테 뺨싸다구 백만번은 맞아야 하는 영화",2
데시벨,"정말 스토리 꽝이내요. 국정원의 무능함(격투며 상황판단)과경찰은 나오지도 않고, 왜 이렇게 행동을 하는지에대한 연관성도 부족하고. 주인공만 열라 뛰어다니고, 에휴~~ 고구마 10000 개 먹는 느낌.보지마세요~~",2
스파이더맨: 노 웨이 홈,마블의 한줄기 희망.. 스파이더맨만 믿는다...,10
스즈메의 문단속,여러 모로 문단속을 철저히 하는 게 맞죠,4
닥터 스트레인지: 대혼돈의 멀티버스,그간 마블시리즈를 쭉 봤을 정도로 마블 팬이었는데 이번 닥스는 보고나서 이건 마블이 아니라고 부정했습니다...,4
"귀멸의 칼날: 상현집결, 그리고 도공 마을로",2시간 영화인데 1시간30분을 앞 줄거리 내용ㅋ도공마을 도착하니 끝남ㅋㅋㅋㅋ내내 사람들 웅성웅성 욕하고 돈아깝다 난리남,2
앤트맨과 와스프: 퀀텀매니아,기대하지 않으면 나름 볼만은 했다. 그게 다라서 문제.,6
데시벨,정상훈 snl 연기... 몰입감이 떨어진다 ,6
아바타 리마스터링,13년 전 영화라는게 전혀 실감나지 않았습니다.. 말이 필요한가요 엄청난 웅장함에 넋을 놓고 보게되네요,9
바빌론,무성영화에서 유성영화로 넘어가는 겪어보지 못한 시대를 이렇게 체험해볼 수 있어서 좋았어요 특히 할리우드에서 수많은 영화 세트장 장면은 너무 생생해서 그곳에 있던 느낌이 들 정도...,8
탑건: 매버릭,2만원도 안되는 돈으로 전투기 실컷 타고 왔습니다 몇번을 봐도 안질리네요,10
아바타: 물의 길,1이 너무 완벽해서 시놉 완성도는 떨어졌지만 엄청난 영상미때문에 다회차 관람할만하다,9
샤잠! 신들의 분노,나름재밌게나온속편이지만조금아쉬운면이있다,8
스즈메의 문단속,ㅅㅂ 보다가 집가고 싶엇음….,4
더 퍼스트 슬램덩크,몇번을 봐도 심장을 뛰게하고 감동과 전율을 선사하는 영화였습니다 인물들이 살아움직이는 것 같았어요,10
디센트: Part 2,좋은 연출만을 위해 각본 전체가 희생된 느낌. 그러다보니 옥의 티 수준이 아닌 설정 오류와 저 사람 왜 저러지? 수준의 인물들의 트롤짓으로 총체적 난국. ,4
소울메이트,"보통 사랑하면 부모와 자식간의 사랑,이성과의 사랑만을 생각하는데 친구와의 사랑이 연인과의 사랑보다 더 깊고 아름다울수 있다는것을 정말 예쁘고 청춘스럽게 담아서 보여준것같아요.끝나고 나서도 둘의 아름다운 사랑때문에 여운이 깊이 남네요",10
스즈메의 문단속,명불허전이라 생각이 드는 영상미와 OST였습니다... 개연성에 부족함이 살짝 있음에도 불구하고 너무 재밌게 보고 여운이 오래 남았어요,9
스즈메의 문단속,너의 이름은 영화와 똑같이 재밌습니다,10
소울메이트,소울메이트 잘 봤습니다,9
샤잠! 신들의 분노,지루하고 내가 분노했다 ㅠㅡㅠ 이해못함 ,2
대외비,세 배우의 연기력이 엄청 났습니다!! 스토리는 전형적인 느와르로 재미있었어요,10
이니셰린의 밴시,어렵고 알수 없는 삶과 사람의 마음..,8
스즈메의 문단속,신카이 마코토 감독의 새로운 명작이였습니다!!,10
스즈메의 문단속,"상상력과 감동, 힐링무비...일본 애니메이션은 최강.",10
소울메이트,서로의 진정한 소울메이트 이야기ㅜㅜ 감동적이였어요,10
영웅,"뮤지컬을 그대로 옮겨오려고 노력한 모습이 보이나, 뮤지컬을 영화로 옮기는 과정에서 영화로의 각색을 해봤으면 어떨까 싶네요.",1
살수,이게 영화냐? 정말 &amp;#34;살수&amp;#34;가 없다,1
이니셰린의 밴시,참 알다가도 모를 이런 단순복잡한 인간관계에 대해서...,8
불릿 트레인,ㅋㅋ그냥 존잼.. 평점이 왜 이럼??그냥 오락영화로 최고임,10
액시던트 맨: 히트맨의 휴가,액션은 좋아요 킬링타임용 맥주안주로 좋음,10
"귀멸의 칼날: 상현집결, 그리고 도공 마을로",이건 농락이다 스토리 짜집기 감동도 없고새로운 것도 없고 이번은 패스,1
영웅,마지막 장부가는 역대급이다.흐르는 눈물 때문에 바로 나올수가 없었음...,10
82년생 김지영,성별구분없이 모든 사람이 봐야하는 영화.,10
플레인,언젠가부터 뻔한 스토리의 영화를 다작하고 있지만 그래도 믿고 볼만함,8
스즈메의 문단속,영화에 나오는 풍경들도 너무 예쁘고…오랜만에 펑펑 울었어요 너무 재밌었음,10
시간이탈자,시간놀이 죽여버리자,1
더 웨일,아카데미 남우주연상으로 화려하게 부활,9
대외비,재밌었어요~!! 오랜만에 본거라서 그런지 더 재밌었어용,10
그린랜드,제라드 나와서 봤음 무난...,8
더 퍼스트 슬램덩크,사랑해요 슬램덩크ㅠㅠ??,10
샤잠! 신들의 분노,"샤잠1보다 액션,연출이 커짐",9
캅샵: 미친놈들의 전쟁,스토리가 더 길었으면 더 재밌었을걸,8
헤어질 결심,"남자 입장에서 박해일이, 여자 입장에서 탕웨이가 부럽다고 느끼게 만든 것에서 이미 이 영화는 성공한 로맨스물의 조건을 충족시켰다",10
해바라기,남자라면 오태식처럼 살아라,10
소울메이트,잔잔하면서도 끝까지 지루하지 않음.,9
스즈메의 문단속,중반부이후부터 살짝 지루한거빼곤 재밌었다 오랫만에 영화보면서 울었음 ,8
스즈메의 문단속,오랜만에재밋었당추천해요,10
마네킨,팝송과 영화는 80년대것이 제일 좋다 ,9
바빌론,데미언 셔젤 하고싶은 거 다 한 영화,8
하얀 리본,무섭고 잔인한 장면이 하나도 없는데 왜 이리 무서운가... ,9
소울메이트,원작도보고 개봉날 봤는데한국정서에맞게 잘각색된듯.김다미배우의 연기가 깊네요,9
소울메이트,왠지 모르게 그냥 계속 이입이 됐다. 계속 울컥해서 눈물 참느라 혼났던..나도 이런 우정이 있었는데 싶은 영화. 상영하는동안 몇 번 더 보고 싶다.,10
더 프레지던트,이영화가 실화라면 어떻게 이런 망나니가 아버지 빽만으로 대통령이 됐는지정말 한심하기만 할뿐....,8
스즈메의 문단속,정말 재미없습니다.보지 마세요.,1
플레인,평범한둣 뻔한결말일걸 아는데도 사운두와 몰입도가 최고였어요~ 기대 없이 봐서 그랬을진 몰라도 이건 극장에서 봐야 하는 영화에요~ ,8
대외비,결국 남은건 배우들의 연기밖에 없었다,4
샤잠! 신들의 분노,좋은 청소년 히어로 영화입니다.,10
똑똑똑,반전있을 줄 알았는데....,7
유령,재밌는데 평점 왜이러지 .. ,10
스즈메의 문단속,일본의 배경지식을 갖고 영화를 보면 감동을 은은하게 주는 영화였습니다.,10
정이,저는 기대안하고 받는데 기대이상김현주배우님 액션씬 넘잘받았어요다들 고생많으셨어요,8
이니셰린의 밴시,인간관계의  예측불가능성에  대한 블랙코미디,8
소울메이트,무난하게 보기 좋았다.,7
샤잠! 신들의 분노,기대없이 봐서 엄청 재밋다,10
소울메이트,감성적이고 가볍게 보기 좋은 힐링용 영화 같아요!!,10
압꾸정,킬링타임용으로 보면 볼만해요.,7
이니셰린의 밴시,이니셰린의 밴시,5
용적심,중1때인가보다여친이 주보의 였었네 내기억으론 장만옥으로 알고있었는데 폴리스스토리를 하도봐헷갈렸나보네 ㅎㅎ,8
스즈메의 문단속,서로의 감정선은 따라갈 수 없지만 영상미가 예쁘고 다이진이 너무 귀여웠음ㅠ,9
스즈메의 문단속,"어디서 본듯한 (지브리를 오마주한) 비주얼, 종잡을 수 없는 다이진, 스즈메와 이모 타마키의 급변하는 감정선, 만난지 한달도 안된 소타에게 고백하는 스즈메 등... 초중반은 너무 몰입해서 잘 봤는데 후반으로 갈 수록 이해한되는 부분이 아쉬움",7
플레인,판타지 영화인줄 알았음..,4
"귀멸의 칼날: 상현집결, 그리고 도공 마을로",3기는 1화만 깔짝 나오고 그런건 미리 알고 2기 전투씬을 영화관에서 볼 수 있다는 기대감에 갔는데 진짜 오프닝하고 크레딧 하나도 안짜르고 몇번씩이나 보게하네요;그래도 귀칼 애청자로써 2기 전투씬장면을 영화관에서 생생하게 즐기고싶으시면서 그 오프닝 크레딧 다 참을 수 있으면 뭐.. 굿,7
"오늘 밤, 세계에서 이 사랑이 사라진다 해도",기대 이하 남주 얼굴 보는 맛에 보고 옴어느 부분에서 슬픈지 모르겠음 너무 내용이 빠르게 전개 되는데 재미없게 전개 됨,2
스즈메의 문단속,뭐야 평점 안좋은게 넘 많길래 기대1도 안했는데 넘 재밌게 보고왔어요ㅋㅋ 감독의 의도를 생각하면 더 유의미하게 보실 수 있을거에요,10
소울메이트,"배우들의 감정이 두드러지던 영화, 섬세하고 아름다웠던 이야기",9
스즈메의 문단속,"아름다운 영상과  스토리, 짬짬이  웃음코드. 재밌었어요",10
"귀멸의 칼날: 상현집결, 그리고 도공 마을로",타 리뷰처럼 싸움중간에 크레딧이 좀 흐름의 맥커터.. 그냥 크레딧말규 배경만 보여줬어도 충분했을듯..? 근데 그럼에도 불구하고 큰 화면에서 본 전투는 더 멋졌고 솔직히 무한성 등장으로 돈값다함.. 무한성진짜 최고임 아카자한테 한번 더 반하고 갑니다,10
영웅,민비 미화장면에서 실소를  금할수 없었다,2
레이버 데이,아름다운 이야기 캐나다로 그대로 떠났다면 어땠을까? 당신과 3일을 보낼수있다면 감옥에서 20년과 바꿀수 있소 와 절절한 러브스토리,10
플레인,헐리우드판 영웅영화.비행기 테러 영화는 항상 재미있네요.,8
소울메이트,기대 없이 봤는데 눈물만 왕창흘리고왔어요 이해하긴 힘든영화지만 나름 재해석 할수있어서 좋았어요,8
소울메이트,기대 없이 봤는데 눈물만 왕창흘리고왔어요 이해하긴 힘든영화지만 나름 재해석 할수있어서 좋았어요,8
소울메이트,기대 없이 봤는데 눈물만 왕창흘리고왔어요 이해하긴 힘든영화지만 나름 재해석 할수있어서 좋았어요,8
어쩌면 우린 헤어졌는지 모른다,현실적이다. 이래서 사람을 많이 만나봐야 좋은 사람이 된다.,6
인천상륙작전,"위대한 역사는 아무리 영화를 못 만들어도 우리의 역사니까 평점을 주기는 싫지만..리암니슨 맥아더장군은 누가 케스팅 했는지 몰라도 진짜 레전드였다..리암니슨 특유의 카리스마와 표정 연기, 목소리 이건 진짜 그 누구도 이길 수 없을 듯 ",10
서치 2,"반전도 있고, 재미있어요.",7
스즈메의 문단속,"개연성이 하나도 없고 후반부는 전형적인 cj감성,, 고등학생과 대학생의 감정교류도 신물난다",2
소울메이트,김다미 배우 때문에 본 거고 내용은 별 기대 안했는데 나름 괜찮았습니다! ,8
더 웨일,제일 소중히 여겨야 하는건 본인. 그래야 주변 소중한 사람 챙기는 여유도 생긴다,10
에브리씽 에브리웨어 올 앳 원스+,근 10년안에 본 영화중 최고였다,10
스즈메의 문단속,저번 두 작품과는 다른 일본을 여행하는 넓은 스토리작화와 ost 그리고 연출이 책임지는 수준너무 전개가 이유없이 전개되고 이해되지않는 감정선 특히 스즈메 금사빠본인은 책사서 한번 읽어볼예정영화만 이런건지 아니면 소설도 그런건지,8
스즈메의 문단속,저번 두 작품과는 다른 일본을 여행하는 넓은 스토리작화와 ost 그리고 연출이 책임지는 수준너무 전개가 이유없이 전개되고 이해되지않는 감정선 특히 스즈메 금사빠본인은 책사서 한번 읽어볼예정영화만 이런건지 아니면 소설도 그런건지,8
더 베스트 오브 에너미즈,실화를 바탕으로한 좋은 소재인데 진행이 너무 늘어져서 다소 지루한 영화,7
스즈메의 문단속,전 작품들이랑 너무 비슷한 요소가 많네요 불편한부분도 몇장면있었구요..진부합니다,6
플레인,전 진짜 재밌게 봤어요!!,10
샤잠! 신들의 분노,샤잠1보다 확실히 쎄요 잠오는 속도가 ...zZ 샤르르 잠이 오게 만드는 히어로물 개꿀 숙면영화 퇴근후 잠못드는이에게 추천,1
오멘 2,"내인생 공포영화는엑소시스트,오멘2,곡성..",10
다음 소희,"이 사회의 주류는 재벌도, 엘리트도 아닌 노동자이다.",10
앤트맨과 와스프: 퀀텀매니아,점점 설정이 무너지고있음. 빌런 어떤 정당성 위압감이런게 하나도 없는영화,6
이니셰린의 밴시,인간관계란 참으로 어렵다,8
살수,겁나 폼은 잡는데 왜 이렇게 개그코드를 어설프게 집어 넣는거냐? 첫 정사 장면부터 겁나 어설픔 ㅎㅎㅎ거기다 효과음을 너무 남발해서 ㅠㅠㅠ 몰입감 완전 떨어짐. ,6
"귀멸의 칼날: 상현집결, 그리고 도공 마을로",애니 편집없이 그냥 보여주는 건 ... 상현집결은 잼썼어요!,7
압꾸정,하.. 시간이 아깝다..,1
샤잠! 신들의 분노,전편보다 스케일은 커졌지만 내용은 그대로..,6
멍뭉이,잔잔하게 미소짓게 만드는 무공해영화,9
토르: 러브 앤 썬더,솔직히 내가 웬만하면 마블은 평점 다 만점주는데 이건아님 스토리가 엉망으로 꼬였고 너무 유치함 이터널스보다도 망작임,3
스즈메의 문단속,너의 이름은 날씨의 아이가 판타지세계관에 개인이 있었다면 이번 작은 개인의 이야기에 판타지가 섞인 느낌.개인적으로 진짜 재밌게 봄,10
스즈메의 문단속,M A S T E R P I E C E,10
마음이 외치고 싶어해,애초에 타쿠미랑 여자애가 전연인인 설정부터 몰입 말아먹음 ㅉㅉ 다이키는 뭔데 나츠키 좋아하다가 갑자기 나루세한테 고백한다고함…? 거지같은 급 탈룰라에 기분 다 잡침 ,1
서치 2,서치 1만큼 재밌으리라 기대 안했는데 1보다도 더 재밌게 봤네요,10
에브리씽 에브리웨어 올 앳 원스+,처음부터 끝까지 정신없는 인간들의 모습들. 연출과 연기 모두 아무런뜻 없는 정말 이게 영화인가 싶다.세상전체가 미쳐가는줄 알았다.,1
서치 2,반전에 반전 눈을 뗄수없는 스토리,10
울고 싶은 나는 고양이 가면을 쓴다,초등학생만 보시는 걸 추천,4
소울메이트,연기력 일품세 배우 모두 모자르지도 넘치지도 않게 캐릭터에 몰입해서 잘 연기했습니다 욕조씬에서 눈물 퐝,10
스즈메의 문단속,역시 남자는 잘생겨야한다,8
소울메이트,하....너무 재밌게 봤습니다 우정에 관한 이야기라 그런 가 친구들과 함께 봐서 더 감정이입이 잘 되서 더 재밌게 봤던 거 같아용,10
샤잠! 신들의 분노,솔직히 괜찮았는데 요즘 슈퍼히어로 안티들이 너무 늘었네요 ㅋㅋ,8
인간중독,조여정이 제일 연기를 잘하네요...,2
소울메이트,원작이 궁금 하지 않을 만큼 전 소울메이트너무 재미 있게 봤어요눈물도 나고 뭔지 모르겠지만 마음 한켠이 좀 슬프기도 하고 그랬어요미소와 하은은 진짜 소울메이트 였어!,10
에브리씽 에브리웨어 올 앳 원스,정신이 하나도 없댜…나만 그런가..,6
압꾸정,주인공이 모든걸 다 갖고 끝나는 대부분의 영화가 가진 뻔한 해피엔딩보다 낫네요.,7
스즈메의 문단속,"어제의 나에게 내일의 네가 문을 열고 들어와줬으니까.첫 장면에서 영화의 모든 연출력이 결정됐다고 해도 손색없을 만큼 임팩트 있었다. 감정서사나 문 안의 세계의 비밀이 좀 단순한 것, 문단속이 좀 간단한 것이 아쉬운 요소였지만. 이 영화는 신카이 마코토의 연출력은 이만큼 위대하다를 알리기에 충분했다. 연출과 어우러지는 음향과 브금도 완벽. 엔딩곡의 가사가 너무 위로가 되었고 다이진과 어린 스즈메에게 무한한 애정을 가질 수밖에 없었다. 2프로 아쉽다는 건 또 이렇게 애틋하게 미화된다.",9
아바타: 물의 길,아바타1을 생각하면 보면 실망감이 있을수는 있으나 업그레이드된 영상미와 아바타특성의 환타지는 역시 최고 스토리가 뻔한것만 빼면 최고!!,10
성스러운 거미,아들이 제일 무섭다살인자 아버지를 영웅으로 추앙하는 아들또 다른 거미살인마가 되어서 사람들은 죽어나가겠지종교적 이유로 포장되어서 그들만의 명예로운 죽음이 될거고,9
대외비,그래서 말하고싶은게 뭐지 대한민국은 썩었다?,4
스위치,크리스마스에 뚝심개봉하지 안타까,8
스즈메의 문단속,"이 영화가 설명충질을 하거나, 교훈을 주려고 가르치려 들지 않고 우연히 관측한 초자연 현상을 주인공 시점에서 따라간다는 점이 좋았다. 현재 낮은 평점의 원인으로 지목되는 부족한 개연성의 스토리를 따지는 사람들을 만족시키려면 오타쿠같이 파고들만한 떡밥을 여러개 던져놓았어야 하지 않았을지.",9
노트북,"미정아 우리가 처음 만나던날 기억나니?벌써 우리가 함께 한지도 14년이 넘었어..사랑하는 딸, 아들이 태어나고 성장해 갈수록노아와 앨리처럼 우리에게도 할머니, 할아버지가 되는 그런날들이 오겠지..내인생의 마지막날 내곁에서 함께해줄래?",10
카운트,잔잔하지만 스토리가 좋고 여운이 있는 좋은 영화입니다,10
영웅,탄탄한 뮤지컬영화 시도 좋고 소재도 좋고,10
스즈메의 문단속,스즈메 무단결석 5일 이상이라 수시로 대학 못가,8
샤잠! 신들의 분노,너무 유치하다.. 주문외워  ㅅSsibal!!,2
스즈메의 문단속,재밌음 스즈메가 한눈에 반해서 도와주는데 이게 개연성 떨어진다고 하던데 일본 sns에서 이거 지적하니 연애 해보지 않은 모쏠들이 하는말이란거 생각나넼ㅋ 한눈에 반하면 해줄만 하지,10
스즈메의 문단속,인물들의 감정선이나 개연성까지 저세상에 보내버림,6
스즈메의 문단속,너무 재밌음 그냥 사랑해 남주,10
소울메이트,"거짓 반, 진실 반... 결국은 두 사람만이 알고 있는 그녀들의 모든 것.",8
와호장룡,그저 아름다운 동양의 멋진 판타지 멜로,7
에브리씽 에브리웨어 올 앳 원스+,수상기념으로 한번 더 봤어요 축하드립니다!,8
손님,마을 사람들이 복수당하고 죽었을 때 그 다음날 애들만 남았잖아요. 그런데 왜 애들은 남아 있는거죠? 쥐들이 애들은 남기고 어른에게만 그럴수 있나요?,6
스즈메의 문단속,진심 기대 잔뜩하고가서 봤는데 작화가 진짜 미쳤고 기대이상으로 몰입해서 재미있게 보고왔습니다. 집에 오자마자 다시 보고싶다는 생각이 든 영화는 처음이였어요..거기다 실제 사건이 모티브라 그런지 몰입이 더 잘되더라구요.,10
파어웨이,우리나라 정서와는 맞지 않지만 여성의 시각에서 바라보는 주체적인 삶의 의미를 돌아보게 해주는 영화입니다. 꼰대남들은 이해 못하고 중간에 포기할듯.,9
살수,이거 보고 시력이 좋아졌어요,10
소울메이트,아름다운  사랑과 우정의  행복한 시간들.,10
유랑의 달,’그러면 또 어딘가로 흘러가면 그만이야‘각자의 뜨겁던 아픔은유랑하더라도 하나의 달을 보고 갈 수 있음에 선선해져 간다.,9
스즈메의 문단속,문을 잠그며 돌려드리겠습니다. 진짜 온몸에 전율이!!! 너무 재밌게 봤습니다ㅠ,10
소울메이트,연기 다들 너무 잘하고.. 저는 원작보다 더 좋았어요ㅠㅠ 울면서 봤네요잘 봤습니다!!! 추천추천,10
메모리아,내 몸 안에 남아 있는 과거의 진동...환상(꿈/환청)과 현실 삶과 죽음의 모호한 경계 속에서...기억과 관련된 독특하면서도 신비롭고 심오한(기이한) 분위기의 미스터리/드라마...담담하고 조용한 스토리 전개...,7
소울메이트,재밌게 봤습니다~~!,10
더 퍼스트 슬램덩크,인트로에서 부터 난 이미 홀려버림 ,10
소울메이트,여운이 남고 자꾸 생각이 난다. 주동우와는 느낌이 다른 김다미의 연기도 좋았다.,10
반지의 제왕: 왕의 귀환,이 영화가 재미없다고 생각하는 사람은 그냥 판타지 영화 자체를 보지 않으면 된다,10
마루이 비디오,극장에서 봤는데 너무 무서웠습니다..!! 물론 연기와 연출은 조금 아쉽지만...  곤지암 같은 영화를 즐기며 무섭게 보는 저같은 사람은 꽤 재밌게 보실 수 있을거예요!,8
서치 2,원 보다 재밌는 후속편! 추천합니다!!,10
비스트,재난 영화류에 애들이 주인공인 영화는 걸러야함,2
"귀멸의 칼날: 상현집결, 그리고 도공 마을로",3기 방영만 기다립니다~!!,6
반지의 제왕: 왕의 귀환,"2003년 추운 겨울날 영화관에서 기말고사를 마치자마자 보러갔습니다... 정말 인생영화 그자체였습니다... 로한의 기마병씬에서 지리고, 끌고온 유령부대 보자마자 또 한번 지렸습니다...",10
소울메이트,펑펑 울었네요 어엉엉 ㅜ.ㅜ,10
에브리씽 에브리웨어 올 앳 원스,먼가 있어보이게 타자기 뚜드리는거 좋아하시는 분 / 갬성 타령 좋아하시는 분 / 자기가 작성하는 글에 허세가 한가득 이어야 직성이 풀리는 분 들만 보세요.. 꼭 이요..아무것도 없는 영화 입니다ps. 그리고 홍현희.. 나와 집중이 안됬음,1
에브리씽 에브리웨어 올 앳 원스+,평론가나 타자기 좋아하는 허세 가득 입만 산 사람들이 자기가 찾은 숨은 의미나 상징에 대해 끄적거리기 좋은 영화,1
어떤 영웅,지루함의 끝..그 끝을 알 수가 없다.,1
이니셰린의 밴시,나는 이 영화와 평생 절교를 결심했다.,1
스즈메의 문단속,극장 전세내고 남주에게 몰입할수있어서 10점 만점에 10점,10
스즈메의 문단속,재난과 전통에 담긴 특별한 메세지.,8
에브리씽 에브리웨어 올 앳 원스+,우리처럼 사랑스럽지 않은 년들이 세상을 돌아가게한다 ,10
살수,2023년 최고의 실수,10
놉,몰입도 높음 이런류의 영화가 난 왤케 좋은지 몰겠다 ㅋ,8
스마트폰을 떨어뜨렸을 뿐인데,"죄송합니다 요즘 연기, 스토리 모두 너무훌륭한 영화나 드라마를 많이봐서 진짜 재미하나도없고 실망스러워요.시간 아깝습니다",2
크리드 3,그냥 ㅈㄴ 재밌습니다 보세요 제발,10
대외비,간단한 오락영화로 생각하고 갔으며 재미있게 보고나왔다. 근데 평점이 6점 초반이라 망설였는데... 개인적으로는 8점초반정도는 된다고 본다 왜이렇게까지 낮은 점수인지는 모르겠다. 점수가 너무 낮아서 그래서 리뷰를 남기게 됐다.,10
플레인,단순명료하게 끝내다,7
소울메이트,"김고은, 김다미, 박소담이 개못생긴 3명 나오는 작품은 토쏠려서 거름",1
목소리의 형태,잘못에 대한 사과와 이해 용서에 대해 생각할수 있게 해주는 영화,10
올빼미,"사극영화 좋아해서 봤는데,, 스토리전개가좀.. 이상했어요 ",4
스즈메의 문단속,"스즈메의 의자가 왜 세발이 되었는지 그 이유가 끝까지 나오질 않아서 아직도 궁금하고. 남주가 하쿠, 하울급으로 잘생겼는데 영화내내 의자로 변해있어서 모습이 나오질않아 슬펐다..",9
폭력의 역사,스토리 좋았고 재밌게 보았다,7
날씨의 아이,정말 소중한게 무엇인지 생각하게 만드네요,10
스즈메의 문단속,너의이름은&amp;gt;스즈메&amp;gt;날씨의아이그래도 잘만들었음,10
"귀멸의 칼날: 상현집결, 그리고 도공 마을로",CGV천호 극장내 온도가 조절이 안되는지.. 너무 더워서 집중하기 힘들었던점 빼면 귀칼 자체론 10점 만점입니다,10
화양연화,사랑 영화가 거둘 수 있는 최고의 예술적 성취. 공백과 정적을 미묘한 긴장감과 설렘으로 바꾸는 영화적 요소들에 보는 내내 감탄만 나온다.,10
협상,다소 아쉬운 부분도 있었지만 재밌게 봤어요 ,8
플레인,아바타2이후 액션영화 최고네요.,10
스즈메의 문단속,연출이나 영상미는 좋아요.근데 스토리가 이해 안 되요 전형적인 약자의 희생으로 본인의 삶을 영위하겠다는 거 아닌가요?,2
소울메이트,세상이 나를 가지고 몰카를하나..,1
킹콩,나오미 왓츠 예뻐요. 스토리 좋아요.,10
스즈메의 문단속,ㄹㅈㄷ 갓타이 마코토... 당신은 무엇인가.... 너의이름은 다음으로 최고이다.... 당신은 얼른 다음 작품을 준비해야합니다.,10
극장판 검정고무신 : 즐거운 나의 집,너무하네,1
소울메이트,간만에  감성젖는 영화 넘좋네요~이건 영화관에서봐야  느낌을 느끼기 좋은거 같아요~~,10
소울메이트,감성감성 한데 공감은 잘 안되네요,5
극장판 검정고무신 : 즐거운 나의 집,쓰레기아니냐이거진짜,1
스즈메의 문단속,영상미는 좋았지만 부족하게 느껴진 개연성이 아쉬웠음,6
소울메이트,기대 안했는데 볼만했습니다.,7
앤트맨과 와스프: 퀀텀매니아,정말 재미있게 봤어요!,10
앤트맨과 와스프: 퀀텀매니아,정말 재미있게 봤어요!,10
플레인,제작비를 조금만 더 썼어도 더 괜찮은 영화가 될 수 있었을텐데 말이죠.. 전체적으로 괜찮지만 후반부 액션은 조금 아쉬워요,7
데시벨,한국영화도 소재도 다양해지고 잘만들었네요.,10
적벽대전 1부 - 거대한 전쟁의 시작,1부는 굳이 볼 필요가 있나 정작 적벽대전은 일어나지도 않은데...,1
날씨의 아이,어제 메박에서 봤는데 최고였음 진짜 브금 나올때 눈물 ,10
스즈메의 문단속,"저는 먼저 애니메이션을 특별히 좋아한다거나 그것들을 볼 때 심층적으로 분석하며 감상하는 타입은 아닙니다. 그저 데이트때 영화 보러가면서 신카이마코토 작품을 ‘너의 이름을’, ‘날씨의 아이’, ‘스즈메의 문단속’을 본 사람으로 말하자면 이 작품이 왜 날씨의 아이보다 낮은지 이해가 안 되네요..!(물론 ’너의 이름은’을 넘진 못했다고 봅니다) 날씨의 아이는 전반적으로 스토리의 개연성이 별로이면서 밝혀지지 않은 떡밥들도 있어 이해가 되지 않는 부분이 좀 있었습니다(스포나 분석한 리뷰 등을 아무것도 안 보고 영화를 본 가정하에). 또한 기억에 남는 ost도 없는데다가 영상미 좋은 영화였다면 이번 영화는 스토리의 개연성이 뛰어나진 않지만 모두가 이해할 수 있는 수준으로 드러나있고 끝나고나면 ost 1-2개는 흥얼거릴 정도입니다(특히 참새라는 ost 도입부 중독성 있네요ㅎㅎㅎ). 영상미는 뭐 말할것도 없죠. 시간의 흐름이 담긴 모습을 애니메이션으로 구현한거 보고 진짜 다큐멘터리 한 장면인 것 같더라구요ㅎㅎㅎ 그리고 ‘지진’이라는 자연현상을 이렇게 판타지에 접목하여 표현한게 굉장히 신선했고, 이에 대한 주제의식도 지진이 많은 일본뿐만 아니라 최근에 터키 부근에 대지진이 일어나 큰 피해가 발생한 사건 등을 고려하면 시기적절한 주제라고 봅니다. 물론 이런 사건들을 고려하지 않아도 그냥 보는 것만으로도 맘에 와닿는 보편적인 주제입니다ㅎㅎㅎ날씨의 아이에 정말 실망해서 그보다 평점 낮은 이번 작품은 그냥 영화 할인 받을게 없어서 보러갔는데 생각보다 잘 봐서 다행이었습니다^-^",8
스즈메의 문단속,애니메이션이 이렇게 가슴 벅차고 감동적이고 아름다울수가 있는건지..정말 완벽하다!!!,10
작은 영웅 데스페로,"어렸을 적 비디오 방에서 대여해서 봤다가 10번도 넘게 봤던 작품.뭐가 그땐 재밌었는지 봤을까.현재 다시보니 구도라던가 아이에게는 못 경험할 이야기들, 당시 아동애니라 하기엔 메세지가 강해서 신선했던 것같다. 엔딩부분과 성우가 아쉽긴하나, 개봉년도를 감안해서 스토리도 보완만하면 좋은 작품이다.",9
소울메이트,배우들이 이쁘다. 제주도는 아름답구나.,7
바빌론,영화를 보고 이렇게까지 심장이 두근거릴 수 있구나,9
소울메이트,"공감되지 않는 부분이 많았지만, 영혼이 통하는 사이라면 가능할지도.. ",5
펠햄 123,동명의 작품을 리메이크한 영화 킬링타임용.그리고 리뷰중에 더 테러 라이브가 이걸 리메이크한거 같다고 하셨는데 더 테러 라이브는 원작이 없습니다.,6
샤잠! 신들의 분노,재밌게 봤어요. 시원한 액션에 스트래스 해소되고 좋았습니다.,10
스즈메의 문단속,감동있고 재밌어요.개인적으로  &amp;#34;너의이름은&amp;#34;은  보다가 졸려서7분만에 그냥 껐는데..이건 저랑 잘 맞았어요...사람마다 잘 맞고 잘 안맞는게 있는듯 해요.,10
플레인,"평범한 항공 스릴러물인데, 현실감은 떨어짐",5
소울메이트,솔메 보기 전 제주도가 그냥 여행지였다면 솔메 본 후 제주도는 청춘과 우정의 대명사야,10
소울메이트,시사회에서 감명깊게 봐서 2차보고옴. 강추!!,10
멍뭉이,너무나 감동적이였습니다~저희 강아지와도 더 좋은시간 갖어야겠어요~^^영화 잘 봤습니다! 이런 동물주제 영화가 앞으로 많이 만들어졌으면 좋겠어요~~,10
유어 플레이스 오어 마인,많이 늙었네 애쉬튼 커쳐 주름살봐,10
스즈메의 문단속,영화관에서 보고 재밌으면 찾아보고 알아보게 된다.슬램덩크가 그러했듯이 더 많이 알고 다른 사람은 어떻게 평가했는지 내가 맞는 것인지 그렇게 내가 잘 몰라 찾아보게 되었다.,10
소울메이트,볼만하고 영상미가 좋습니다.,8
스즈메의 문단속,모든게 좋지만 내용의 개연성이 부족함.,10
스즈메의 문단속,인기보다는 그냥 그렇습니다,7
샤잠! 신들의 분노,DC를 마블과 비교하면 안되는이유 요즘마블보다 더심각함,5
대외비,초중반부는 그럭저럭 괜찮으나 후반부로 갈수록 지루해짐.,7
콜 제인,재밌어요 여성의날 개봉에 맞는 영화,10
샤잠! 신들의 분노,팝콘무비 그이상 그  이하도 아님..기존dc와 믹스는 원더우먼 빼곤 그닥  없음 쿠키 2개 있긴한데 우찌 섞을라공..  그리고 신자매 등장부터 몇몇스토리는 개연성이 없음.. 애초 원더우먼 등장이라든지 몇몇은 음악이라든지 코믹하게 만들었음.. 마치  옆동네 데드풀처럼 나름 진중한 dc에서 약간은 통통튀게 그리고 쿠키에 정신병원이 있음 떡밥으로 조커도 은근슬쩍 쑤셔넣어 준다든지.여튼 쬐금 다듬어서  만들었음 하는 아쉬움이음악도 요즘 젊은이들 사이 인기곡이라든지 섞음 좋을탠데.. 아쉽아쉽 나름 성장해가는 캐릭터를 잡아가는 영화라 버트 3편은 기대 되긴함 ,9
스즈메의 문단속,퇴근길에 보구 들어갔는데 괜찮았어요^^,8
상견니,선물같은 영화였습니다. 너무 잘봤어요 상견니 최고입니다.,10
스즈메의 문단속,영상미만 넘쳤지 사실 개연성이 너무 떨어짐,1
스즈메의 문단속,"&amp;lt;너의 이름을&amp;gt;을 보며 얻은 깨달음을 망각한 대가는 너무나 가혹했다. 나와는 안 맞아도 너무 안 맞아. 몇 번이고 도중에 일어서고 싶었지만 그래도 꾹 참고 마지막까지 버텼건만, &amp;#39;젠장, 그냥 도중에 나올 걸!&amp;#39;하는 후회만 남았다. 누군가에게는 당연히 좋은 작품이겠지만, 안타깝게도 이 정서와 연출이 나와는 너무 안 맞는다. 안 본 눈 삽니다. 으악... ㅠ",2
스즈메의 문단속,남주보다 남주 친구에게 더 끌리네요..ㄷㄷ남주친구 잘생겨서 별점 만점 드립니다,10
스즈메의 문단속,스토리 건너뛰기 느낌이 없진 않지만 영상미나 연출등에 감동받고 왔습니다.그냥 힐링되는 영화였어요. 내일모레 서른인데 혼자가서보고 힐링받고 왔습니다 .. 좋네요 정말..,10
라푼젤,표정들이 너무 사랑스럽고 잘살린 느낌이 든다 캐릭터들도 맘에들고 ㅎㅎ 너무 재미있었어용!!,10
플레인,"뻔하다, 대머리가 많이 나와서 누가 누구인지 헷갈림, 개념 없는 여자애들",3
소울메이트,"모르는 구석들을 다 안다고 생각한 듯이, 울 수 있다고 섬세한 것이 아니듯이 너울진 시간들이 한없이 얕은 파도처럼 서성인다.",5
소울메이트,잔잔하지만 볼만합니다,10
샤잠! 신들의 분노,여타 히어로와 다른 자신만의 기조가 여전히 매력적이고 알량한 건 인간이든 신이든 마찬가지라니까.,7
똑똑똑,똑똑똑,7
스즈메의 문단속,처음부터 끝까지 개쩐다,10
더 웨일,자신을 구원하는 건 자신뿐이다.,10
스즈메의 문단속,후반부로 갈수록 흥미가 좀 떨어짐솔직히 기대이하영상미는 말모말모 너무 예뻤다,8
아마데우스,85년도 영화인데 지금 만들라고 해도 이렇게 못 만들듯..,10
어떤 영웅,착한 일에도 댓가가 따른다. 스토리와 캐릭터 아이러니의 대향연 ,10
소울메이트,제주를 풍경으로 설레이는 감정들을 잘 표현한 작품.세 사람의 인연은 참 아름다워 보입니다.,10
에브리씽 에브리웨어 올 앳 원스+,돌맹이 때문에 울었다...,8
스즈메의 문단속,"감독의 새로운 도전이 돋보이는 작품입니다.이전까지의 작품들과 다른 점이 액션과 서사의 시점인데,액션은 호쾌하고 성공한 도전이라고 자부합니다. 액션이 많이 가미되니,지루한 부분이 많이 줄어 들더라구요. 당연히 그림체가 이쁘니 눈도 즐거웠구요.다만 서사의 시점이나 이로인해 나오는 여러 작은 부분에서 호불호가 많이 갈림으로 보입니다.저는 호 였습니다만, 보통 남자 주인공의 시점에서 풀어내는 연애의 설램이 여자 주인공의시점으로 변경되다 보니 이제까지와의 작품 분위기와 굉장히 서사를 풀어나가는 방식이 많이 다릅니다. 다만 남/녀 가르는게 굉장히 위험한 시국에 이 정도로 기분이 나쁘지않게웃어넘길 수 있게 잘 녹여만들었습니다.중간 중간에 여고생이 술집 일을 한 것에 굉장히 불편하게 봤다고눈살을 찌푸리시는 분이 계시는데..제대로 영화를 집중하고 보고 이야기를 이해했는지 모르겠네요..그저 &amp;#39;술집&amp;#39; 과 &amp;#39;여고생&amp;#39; 에 집중해서 부들부들 거리시는데..애초에 술집에 일하러 갔습니까 ㅋㅋ그냥 가출 여고생이 고양이 쫓아가다 여러 신세를 지는 사람들한테공짜로 신세를 질 수 없으니 자기 행동 자기가 책임지는걸로 보이는데 ㅋㅋ그걸 곧이 곧대로 술집에서 여고생이 일한다로 받아들이는 사람들을 보아하니한숨밖에 안나옵니다 ㅋㅋ 찌들었어요 그냥 머릿속이 아 그리고 전작과는 다른 방향성을 가지다보니 좋은 음악들이 생각보다 보고나면 떠오르지 않습니다. 전작들은 노래에 맞추어 장면 장면을 연출했다면 이번엔 좀 더 주인공들 이야기에 집중하는 느낌이라 노래를 뒤에 살짝 까는 느낌으로 갑니다.",10
루터: 태양의 몰락,이 영화에 실망한 사람들은 영드 루터를 다시보고오시길. 다음편도 제작해주길!! 다시 만나 반가움 ㅎ루터 웰컴백!!!,6
곰돌이 푸 다시 만나 행복해,시진푸 다시 만나 행복해,8
소울메이트,재미있었어요 신선하고,8
스즈메의 문단속,재미있었어요 신선하고,8
압꾸정,이거 결말 ㅋㅋㅋ진짜 최악이다 ㅋㅋㅋ,2
소울메이트,재미있음,8
소울메이트,내 스타일의 영화는 아니라 기대를 하지않았는데도 불구하고 잘 본 영화. 영상미는 힐링이 될 정도로 예뻤음. ,8
스즈메의 문단속,재미있게 봤습니다 추천,9
똑똑똑,안타까운 샤말란바티스타는 연기늘음,5
소울메이트,제주의 푸르른 풍경에도 따뜻함이 느껴지는 민용근 감독님 만의 색감의 미학,10
소울메이트,헤결에 미결이 있고 상견니에 쏘이장쓰가 있다면 소울메이트에는 니가 왔어..,10
"좋은 놈, 나쁜 놈, 이상한 놈",영화관에서 다시 해주면 안되나???    예전에 영화관에서 보긴 했으나 다시 티비로 보니 티비만으로 보기엔 너무 아깝다는 생각이 드네..ㅠ   제발 영화관으로 재상영해주세요~~~,10
아임 히어로 더 파이널,좋았습니다 추천,9
이니셰린의 밴시,다정함이 죽어버린 순간부터 여운이 많이 남는다,7
너의 이름은.,재미있게 봤습니다 추천,8
스즈메의 문단속,웬만하면 글 안쓰려고했는데  애기데리고 영화보러 오지 마세요 그시간에 보는관객은 무슨 죄를 지었다고 영화보는데 영화 방해를 받아야되는건지....진짜2시간내내 집중을 못했습니다 나름 집중하면서 보았는데 전작들을 너무 인상깊게 보아서 그런지 기대치가 높아져서 기대하고 봤는데...지인분들이나 다른분들께는 그다지 추천드리고 싶지 않네요..,4
스마트폰을 떨어뜨렸을 뿐인데,"천우희,임시완 연기 재밋게 잘 봤음ㅎ ",8
카운트,재미있게 봤습니다,8
소울메이트,믿고 보는 김다미님 연기력... 다시 한번 감탄하고 갑니다. 후반부부터 계속 울었네요...,10
크리드 3,재밌게 봤습니다 추천,9
서치 2,전작보다 재밌었습니다,9
스즈메의 문단속,반복된 연출과 시나리오가 아쉬웠네요. 그 외에 영상미는 뭐...역시 신카이 마코토네요.,8
스즈메의 문단속,미미즈 나올때 웅장한 브금은 아직도 잊을수가없다 마지막 소타 그것또한…,10
소울메이트,재밌게 잘보았습니다,8
코렐라인: 비밀의 문,그저 인생 영화,10
우리들의 일그러진 영웅,머 눈에는 머만 보인다지. 더불어서,10
인간중독,오늘부터 내꿈은 너야 연진아,10
서치 2,간만에 잼있는 영화. 흥미진진 합니다,10
소울메이트,김다미의 연기가 훌륭했고 영상미가 예뻤다,10
대외비,나오면서 감독이 누군지 참궁금한영화는 오랜만이네..,1
소울메이트,2년 묵은지 정가 주고 보면 바보일까?,6
스즈메의 문단속,또 봐도 재밌을거 같고 개슬픔 ㅋㅋ,10
스즈메의 문단속,잘 보았습니다,10
어쩌면 우린 헤어졌는지 모른다,지루하지않고 잔잔하니 좋네요,8
스즈메의 문단속,재난에 대한 메시지를 잘 표현한 영화,10
플레인,플레인 영화 잘봤습니다,8
에브리씽 에브리웨어 올 앳 원스+,허무주의를 이기는 허그주의..,10
샤잠! 신들의 분노,1편이 너무 망작이라..2편은 기대 없이 봤는데..의외로 재밌네요! ㅎㅎ,8
똑똑똑,샤말란 역대 최악의 작품,2
스즈메의 문단속,너의이름은 - 스즈메의 문단속 - 날씨의아이.. 순서대로 봤는데.. 스즈메의 문단속은 여운이 많이 남는다. 가장 현실적인 재난이고. ost 마구 반복 재생 중!,10
소울메이트,원작을 안보고 보았는데 애잔하게 여운이 많이 남는 영화였습니다.  연출과 두배우의 연기도 매우 좋았습니다. ,10
스즈메의 문단속,다이진내놔 나쁜감독아,6
소울메이트,결국 27살까지는 살아야 하니까 목걸이를 받아갔다는건 계속 죽고 싶은 삶이었지만 한 말이 있으니 하은이 때문에 27살까지는 살아야한다는 의미로 목걸이라도 끼고 이겨내며 살아 갔던거고 결국 하은이는 27살에 죽고 미소는 하은이가 남긴 아이때문에 그 이후까지 삶을 살게 된거네요.. 너무 슬픔 ㅜㅜ,10
소울메이트,다섯번 울었어요ㅜㅠ너무 재밌게 잘 봤습니다!멋진 제주 풍경은 덤이구요,10
대외비,배우들이 아까웠음...기대했다가 폭망...,2
탈출,"90년대 말에 봤을 때는 못 느꼈던 어설픔이 있지만 재미 액션 여운이 좋은 편입니다. 다만 놀랍게도 이게 95년 작에 어색한 효과들이 많이 보이고 시대 생각하여 그러려니 하는데, 다이하드1이 88년작... 그런데 대부분 안 어색. ",8
국제시장,순실이가 지시했다는 그 영화?,1
태그,킬링타임용으로 추천한다,10
플레인,기대치가 낮아서 그런가 생각보다 쫄깃한 전재의 팝콘무비,10
극장판 검정고무신 : 즐거운 나의 집,살인자 기업 나가 뒤져라 진짜,1
소울메이트,배우들 매력이 돋보였던 영화 소울메이트,10
샤잠! 신들의 분노,진짜 여전히 유치하다... 이딴게 마지막 DCEU??,1
교섭,샘물교회 600억 주고 데려온 실화 아직도 영업중 교인으로서 쪽팔리다,7
바빌론,어려운 영화긴 한데 마고로비 때문에 1점 더 줬다. 헐리우드를 바빌론에 빗댄건 찰떡이다,8
스즈메의 문단속,로맨스라인이 약해서.. 저정도까지 좋아질만한 사건도 없었는데 여주가 남주한테 갑작스럽게 너무 깊이 빠져버린 것 같은 느낌이라 그점이 아쉬웠어요 하지만 영상미와 특유의 벅차오르는 연출이 좋았습니다. 중간에 울컥하는 부분도 많았으나 늘어지는 부분도 있었어요 여주가 인성터진 느낌이 좀 있어서 보면서 답답하기도 했습니다. 한국인인 저도 감동이었는데 일본인들은 훨씬 더 아렸을듯 오히려 너의 이름은이 더 생각나는 영화였어요. 너의 이름은 정말 완벽한 작품인듯..,10
똑똑똑,데이비드 바티스타의 새로운 발견이다. 뭔 말이 필요하냐? 샤말란이다,9
스즈메의 문단속,"아이맥으로 봤습니다. 영상미는 감독 이름값합니다. 전편들보다 더 좋았습니다. 다만 발암 여주와 개연성떨어지는 스토리에 졸뻔했습니다. 정말 같은 감독이 맞나 의문까지 들었습니다. 이것도 마블과 같이 정으로 볼까 걱정입니다. (뭐 놓친거 있나 2회 관람)(천호, 왕십리에서 봤는데.. 마니아 분들 인정합니다. 좀 작게 말씀좀 하세요. 뭐 대단한거 나왔다고 하는 척을 크게크게 이야기하고. 너의 이름은 벨소리까지 들리고. 갈때마다 대환장파티네요. 없던 인식까지 생겼습니다.)",4
플레인,끝부분 엑션은 볼만합니다.제작비 줄이려고 최대한 작은 비행기&amp;작은 승객수로 배경설정한것같네요.,8
그녀,"10년전에 보고 이런 시대가 올까? 했는데, 눈앞에 와 버렸다. ",10
소울메이트,역시 김다미! 기대 많이했었는데 딱 좋았어요!!,10
플레인,머리 비우면 재밌다던데 난 왜 머리가 비워지지를 않냐,4
승리호,매번 내수시장이 작다는 이유로 제작비 싼 경찰 조폭 영화만 수십년을 내더니.. 드디어 한국도 우주영화급이 나오는구나 기대치가 워낙바닥이여서 그런지 모르갰지만 대단한 한걸음이다,10
소울메이트,원작을 너무 재미있게 봤던 작품이라 기대하고 봤는데요.  배우님들 연기도 좋고 영상미도 좋았으나 뭔가 아쉬운느낌은 있었어요. 원작을 안보고 봤으면 더 재미있었을지도 모르겠네요. ,6
극장판 검정고무신 : 즐거운 나의 집,기업이 아주 못됬네? 아이구,1
스즈메의 문단속,너의 이름은 스즈메,7
스즈메의 문단속,진짜 한번 본 영화 두번 안 보는 사람인데 스즈메의 문단속은 다시 예매했습니다. 보면서 5번은 운 것 같아요 영상미도 최고예요 처음 ㅁㅁㅈ 나올 때 진짜 소름 돋았어요 OST도 너무 잘 만들었어요 역시 믿고 보는 &amp;#39;너의 이름은&amp;#39; 감독님 작품이네요,10
서치 2,서치 시리즈는 그야말로 자녀들에게 꼭 보여주고 싶음. 전편보다 더 커진 긴박감. 재미있게 봤읍니다. ,9
데시벨,신선한 소재로 이렇게 몰입도 떨어지고 재미없을 수가...,1
82년생 김지영,대한민국의 수치... 다시는 나와서는 안되는 작품,1
소울메이트,원작 일부러 안보고 봤어요 중간에 이해하기 어려운 감정선이 있었는데 이런 감성의 영화 좋아해서 재밌게 봤두요 결말이 나름 반전이라면 반전이라 약간 놀랐네요,10
스즈메의 문단속,뭔가 뭔가 2% 아쉽지만 재밌었다.,9
어떤 영웅,"오프닝부터 계단을 통해 묘사하듯, 돈이든 명예든 얻기는 힘들어도 잃는 건 한순간이다",10
스즈메의 문단속,날씨의 아이 보고이어서 봤는데 역시 믿고 보는영화 !!,9
스즈메의 문단속,"일상이 폐허가 되어 상처를 입은 자들에게 위로를 건네려 하지만, 감정에 지나치게 의존하는 듯한 태도는 극중 스즈메만큼이나 성숙하지 못하다",6
내 아내의 외출,집중해서 열심히 보아야 하는 영화. 나름 재미있어요. 심리 묘사가 뛰어남. 대다수의 육아맘이 경험하는 갑갑한 상황을 잘 표현함. 꼭 남편과 함께 보세요.,8
스즈메의 문단속,너의 이름은 전작의 팬이라면 추천드립니다. 일본 곳곳을 간접여행하는 기분도 느낄수 있을듯요.,8
포인트 블랭크,"복수를 목적이 아닌 숙명으로 여기는 남자에게, 그 무의미함을 강조하는 극중 크리스의 대사는 효력을 발휘하지 못한다. 영화는 줄곧 냉랭하고 건조한 분위기를 유지하며 결말의 반전을 통해 허무함을 강렬하게 피력한다",10
애프터썬,이제는 알 것 같다. 그러나 결코 다 알 수는 없을 것이다. 긍정이든 부정이든...,8
소울메이트,인생을 살면서 반드시 한번은 봐야할 영화!,10
앤트맨과 와스프: 퀀텀매니아,그래서 재닛이랑 캉이랑 무슨 일 있었는데요,6
공작,북한의 역공작에 흑금성이 걸려든거란 생각한 사람 없냐?,5
소울메이트,원작이 다시 보고 싶어졌습니다!,4
대외비,"조진웅이란 대비우, 내가 좋아하는 조진웅을 완전 망쳐놓은 영화왜 조진웅이 이런 영화를 선택했을까?내용도 없고, 결말도 없고, 심지어 출연자들도 스토리 상에서 하나 둘씩 없어짐",1
이니셰린의 밴시,"알다가도 모르겠고, 모르다가도 더 모르겠는 인간들의 관계",9
스즈메의 문단속,일본 정서는 이해할 수가 없다 고등학생이 왜 그런 곳에서 당연하게 일하고 있는지,4
"귀멸의 칼날: 상현집결, 그리고 도공 마을로",으엑 눈버리고 귀버림  맥락없는 스토리에 토나오는 그림체에 뜬금없는 감정선;;;만화 몇편 갖다붙이는 무성의함ㅋㅋㅋ 기가 막혀버림,1
압꾸정,"이건 뭐 시나리오 자체가 ㅜㅠ배우들이 아무리 애를써도  재미도 없고, 통쾌한 액션도 없고 결말도 후져",2
소울메이트,은하수진 여름과 미소짓지 않는,8
스즈메의 문단속,모노노키 히메의 현대재해석판내가 만약 일본인이였다면 눈물이 흘렀을 것 같다모두에게 위로를 전한다,9
스즈메의 문단속,스즈메의 지진단속이네,9
교섭,저거 개독들 그냥 죽는게나음,8
유오성의 7인의 암살단,유오성으로 제목 장사하지 말라.,4
그린 북,아름다운 영화에요.,10
스즈메의 문단속,"감독님 작품들 전체적으로 너무 재밌게 봤고, 스즈메의 문단속도 재밌어요ㅜㅜㅜ 최고 ㅜㅜㅜ 영상미는 말항것도 없이 너무 좋고 내용도 재밌었어요 ㅎㅎ 또 한번 보고싶은..",10
소울메이트,우정과 사랑이라는 진부한 소재지만참신한 기법의 스토리전개로 인해관객입장에서 유추해내는 넥스트씬과 전혀 다른 인물들의 감정과 상황에예상치 못한 감동과 반응을 느끼게 되는 즐거움이 있다.배경이 참 예뻐서 보는 내내 힐링이됨평일 기대1도 안하고 보러갔는데 신선한충격을 받고 옴. 매우 좋았다^^,10
6번 칸,"점심때 햄버거를 먹고 봐서인지, 아침에 정신약을 먹어서인지  졸면서 봐서뭔 내용인지 모르겠습니다.   정말 재미없었어요",10
소울메이트,마지막에 스토리가 조금 갸우뚱 ? 했지만잔잔한 영화 좋아하기에 잘 봤습니다 ~ ,8
소울메이트,"헤어질 결심이후 최고 영화입니다너무 아름다운 영화예요연기 , 영상, 스토리 , 음악. 그림…모두 좋아요N차 관람할거예요 ",10
강남좀비,눈물을 흘렸습니다. 내 인생의 90분 삭제한 대가를 치르게 될것. ,1
소울메이트,재미없고 유치할거같음,2
부당거래,넷플로 봄 나의 해방일지 천호진님 나오길래 봤더니 역시 황정민도 역시. 이성민까지…류승범 연기가 영화 몰입에 방해됨 ㅠ 비교가 되서 그런가 오바함;;; 잘하는 연기자인줄 알았더니;;; ,6
이니셰린의 밴시,빼낑 굳,8
스즈메의 문단속,진짜 재미없고 뻔한스토리,2
소울메이트,이어진 띠의 끝과 끝에 위치한 이들,7
플레인,편하게 볼만한 액션 무비였네요.,8
소울메이트,2023년 초 근래 본 영화중 가장 깔끔한 영화였음,10
같은 속옷을 입는 두 여자,실수인가...고의 인가...피할 수 없는 관계...이해와 사랑...마땅히 받았어야 할 마음...어느 순간 폭력이 될 수도 있는 때론 무거운 존재...위태로운 두 모녀의 극단적이면서도 다소 충격적인 이야기... ,7
샤잠! 신들의 분노,6000살 노인과 18살 소년의 사랑 영화  이런 디씨.영화를 보다니  디씨가.디씨.했네 ,6
소울메이트,이런게.여성 서사 영화지  간만에.좋은 영화 봤네요,10
스즈메의 문단속,과거의 나와 화해하지 못한 판타지,6
더 퍼스트 슬램덩크,우와~!평점 높아서 봤는데 대박~스케치며 숨죽이는 정적 색달라요 ~ 개성가득 캐릭터들도 넘 멋져요~! 뭉클하기도 하고 넘 재밌어요~^^또 보고싶어요요~ 멋지다~!,10
더 퍼스트 슬램덩크,추억은 영원하다.,10
소울메이트,"선입견 아닌 선입견이 있었지만, 선입견이 사르르 녹은 영화",8
소울메이트,사랑과 우정 이별이 확실하게 보여주는 영화 너무 감동적으로 잘 봤습니다!!ㅠ,10
에브리씽 에브리웨어 올 앳 원스+,중국인들만 좋아할 노잼영화,2
어떤 영웅,배우들 연기가 인상적임,10
미드나이트,연기랑 그 소재는 너무 좋은데 연출이나 스토리가 이어가는 방식이 너무 아쉽다. ,6
파어웨이,삶의 기준과 위치를 되돌아보게 해주는 영화였다. 모처럼 참 좋은영화를 만나 선물같은 시간을 보냈다.,10
